,Calcium,Calories,Cholesterol,Dietary Fiber,Folate,Iron,Magnesium,Niacin,Popularity,Potassium,Protein,Rating,Reference,Region,Saturated Fat,Sodium,Sugars,Thiamin,Title,Total Carbohydrates,Total Fat,Vitamin A,Vitamin B6,Vitamin C,VeggieWeight,NutriScore,NutriLetter
Low-Carb Jicama Tostadas,18.0,57,0.0,7.4,18.0,1.0,18.0,0.0,3.0,225.0,1.1,0.0,263162/low-carb-jicama-tostadas/,mexican,0.0,6.0,3.0,0.0,Low-Carb Jicama Tostadas,13.2,0.1,32IU,0.0,30.0,0.0,-2,A
Best Fish Tacos ,80.0,322,35.0,3.8,88.0,3.0,48.0,6.0,3.0,591.0,21.2,5.0,263122/best-fish-tacos/,mexican,3.0,833.0,2.0,0.0,Best Fish Tacos ,34.6,9.0,1043IU,0.0,18.0,145.0,-1,A
Crispy Pork Carnitas,35.0,317,89.0,0.4,5.0,2.0,23.0,10.0,267.0,371.0,25.5,4.59999990463257,239786/crispy-pork-carnitas/,mexican,6.0,1036.0,0.0,1.0,Crispy Pork Carnitas,2.1,22.6,17IU,0.0,2.0,16.0,2,B
Jeannie's Vegetarian Enchiladas ,376.0,626,59.0,9.6,193.0,6.0,77.0,8.0,1.0,818.0,20.6,4.0,258250/jeannies-vegetarian-enchiladas/,mexican,15.0,1138.0,5.0,1.0,Jeannie's Vegetarian Enchiladas ,67.2,31.2,2569IU,0.0,49.0,172.0,2,B
Mexican Corn Bread Casserole,168.0,304,101.0,1.9,58.0,2.0,28.0,6.0,21.0,372.0,18.2,4.5,262261/mexican-corn-bread-casserole/,mexican,8.0,708.0,4.0,0.0,Mexican Corn Bread Casserole,21.5,16.3,840IU,0.0,12.0,58.0,2,B
Cochinita Pibil (Mexican Pulled Pork in Annatto Sauce),56.0,422,122.0,0.9,28.0,2.0,49.0,16.0,3.0,811.0,37.6,4.66666650772095,259999/cochinita-pibil-mexican-pulled-pork-in-annatto-sauce/,mexican,9.0,1334.0,5.0,2.0,Cochinita Pibil (Mexican Pulled Pork in Annatto Sauce),8.3,25.6,158IU,1.0,31.0,25.0,2,B
Authentic Mexican Chili Rellenos,312.0,263,102.0,1.1,50.0,2.0,26.0,3.0,517.0,217.0,13.1,4.58823537826538,219646/authentic-mexican-chili-rellenos/,mexican,8.0,357.0,3.0,0.0,Authentic Mexican Chili Rellenos,17.3,16.0,594IU,0.0,65.0,160.0,0,B
Pollo Adobado,51.0,350,129.0,1.9,32.0,2.0,61.0,29.0,5.0,706.0,47.6,4.5,240321/pollo-adobado/,mexican,3.0,937.0,6.0,0.0,Pollo Adobado,9.5,12.7,3887IU,1.0,71.0,285.0,-8,A
Salsa Chicken,242.0,287,101.0,1.0,13.0,1.0,51.0,20.0,6000.0,531.0,35.5,4.62353706359863,16700/salsa-chicken/,mexican,7.0,863.0,3.0,0.0,Salsa Chicken,6.8,12.4,543IU,1.0,3.0,0.0,-1,A
Chicken Enchiladas II,340.0,619,60.0,4.1,137.0,5.0,48.0,13.0,6000.0,397.0,26.1,4.5619797706604,8694/chicken-enchiladas-ii/,mexican,11.0,1459.0,4.0,1.0,Chicken Enchiladas II,66.8,27.1,652IU,0.0,14.0,60.0,3,C
Burrito Pie,159.0,432,68.0,4.7,62.0,3.0,45.0,8.0,4000.0,388.0,19.8,4.559031486511231,16881/burrito-pie/,mexican,10.0,847.0,1.0,0.0,Burrito Pie,33.3,23.9,252IU,0.0,8.0,124.0,1,B
Chicken Enchiladas I,327.0,498,72.0,3.9,108.0,4.0,54.0,13.0,5000.0,496.0,26.7,4.47879219055176,8691/chicken-enchiladas-i/,mexican,9.0,1227.0,3.0,0.0,Chicken Enchiladas I,49.7,15.9,967IU,0.0,11.0,71.0,2,B
Angela's Awesome Enchiladas,509.0,709,126.0,4.4,115.0,5.0,68.0,18.0,3000.0,590.0,42.2,4.71423482894897,83549/angelas-awesome-enchiladas/,mexican,18.0,1764.0,4.0,0.0,Angela's Awesome Enchiladas,52.5,36.3,1422IU,0.0,19.0,60.0,4,C
Addictive Sweet Potato Burritos,307.0,505,20.0,13.4,100.0,5.0,51.0,5.0,2000.0,503.0,20.0,4.26624345779419,13954/addictive-sweet-potato-burritos/,mexican,4.0,1029.0,5.0,1.0,Addictive Sweet Potato Burritos,76.6,8.5,13603IU,0.0,15.0,207.0,-3,A
Lime Chicken Soft Tacos,78.0,204,37.0,1.4,40.0,2.0,22.0,6.0,2000.0,200.0,16.2,4.43320322036743,25371/lime-chicken-soft-tacos/,mexican,2.0,433.0,2.0,0.0,Lime Chicken Soft Tacos,18.9,6.8,187IU,0.0,4.0,44.0,0,B
Fish Tacos,145.0,409,54.0,4.9,65.0,2.0,49.0,3.0,3000.0,511.0,17.3,4.7090978622436515,53729/fish-tacos/,mexican,3.0,407.0,5.0,0.0,Fish Tacos,43.0,18.8,251IU,0.0,25.0,108.0,0,B
Easy Mexican Casserole,451.0,632,119.0,6.2,34.0,3.0,65.0,8.0,2000.0,925.0,31.7,4.38493347167969,20680/easy-mexican-casserole/,mexican,23.0,1308.0,6.0,0.0,Easy Mexican Casserole,32.8,43.7,1546IU,0.0,8.0,86.0,6,C
Delicious Black Bean Burritos,204.0,692,47.0,14.8,101.0,7.0,26.0,5.0,2000.0,296.0,21.2,4.4567375183105495,14041/delicious-black-bean-burritos/,mexican,12.0,1803.0,4.0,0.0,Delicious Black Bean Burritos,70.2,35.8,1707IU,0.0,42.0,304.0,-2,A
Black Bean and Corn Quesadillas,204.0,363,26.0,6.3,114.0,3.0,45.0,5.0,2000.0,332.0,13.9,4.61374807357788,104850/black-bean-and-corn-quesadillas/,mexican,7.0,732.0,3.0,0.0,Black Bean and Corn Quesadillas,45.6,14.5,332IU,0.0,2.0,93.0,1,B
Chicken Biryani,73.0,832,134.0,5.1,42.0,4.0,82.0,27.0,222.0,1021.0,47.8,4.31034469604492,16102/chicken-biryani/,indian,8.0,1522.0,5.0,0.0,Chicken Biryani,78.9,35.1,562IU,1.0,29.0,151.0,-1,A
Cholay (Curried Chickpeas),72.0,248,0.0,8.3,116.0,3.0,57.0,2.0,72.0,493.0,8.5,4.02631568908691,67767/cholay-curried-chickpeas/,indian,1.0,446.0,3.0,0.0,Cholay (Curried Chickpeas),40.2,6.7,809IU,1.0,17.0,264.0,-6,A
Indian Tomato Chicken,50.0,134,57.0,1.6,18.0,2.0,32.0,8.0,279.0,363.0,14.7,4.53024911880493,17449/indian-tomato-chicken/,indian,1.0,547.0,3.0,0.0,Indian Tomato Chicken,6.9,5.4,139IU,0.0,9.0,76.0,0,B
Indian Chicken Curry I,53.0,305,81.0,2.8,24.0,4.0,64.0,16.0,265.0,606.0,33.0,4.4471154212951705,20036/indian-chicken-curry-i/,indian,10.0,443.0,5.0,0.0,Indian Chicken Curry I,9.8,15.3,277IU,0.0,8.0,126.0,-2,A
Prawn Malai Curry,142.0,343,175.0,4.0,23.0,5.0,40.0,5.0,15.0,314.0,25.1,4.40000009536743,213244/prawn-malai-curry/,indian,13.0,71.0,3.0,0.0,Prawn Malai Curry,13.8,21.4,486IU,0.0,8.0,149.0,-1,A
Reshmi Kebab (Silken Kebabs),57.0,293,124.0,1.7,18.0,2.0,42.0,21.0,13.0,401.0,33.0,4.40000009536743,34974/reshmi-kebab-silken-kebabs/,indian,8.0,115.0,1.0,0.0,Reshmi Kebab (Silken Kebabs),5.3,15.6,1066IU,1.0,24.0,185.0,-4,A
Bhuna Gosht,80.0,453,90.0,4.3,60.0,3.0,53.0,12.0,21.0,760.0,25.6,4.22222232818604,212488/bhuna-gosht/,indian,10.0,90.0,9.0,0.0,Bhuna Gosht,20.5,30.4,1080IU,0.0,74.0,280.0,-6,A
Chicken Tikka Masala,206.0,404,143.0,2.5,24.0,3.0,57.0,13.0,3000.0,660.0,24.6,4.3879280090332005,45736/chicken-tikka-masala/,indian,17.0,1592.0,7.0,0.0,Chicken Tikka Masala,13.3,28.9,2432IU,1.0,11.0,98.0,7,C
Curry Stand Chicken Tikka Masala Sauce,68.0,328,106.0,2.3,19.0,2.0,37.0,9.0,3000.0,462.0,17.9,4.91445779800415,228293/curry-stand-chicken-tikka-masala-sauce/,indian,13.0,980.0,7.0,0.0,Curry Stand Chicken Tikka Masala Sauce,13.2,23.4,1496IU,0.0,9.0,62.0,5,C
Vegetarian Korma,120.0,462,82.0,8.4,84.0,3.0,83.0,5.0,2000.0,1088.0,8.6,4.570074558258058,60598/vegetarian-korma/,indian,15.0,1434.0,9.0,0.0,Vegetarian Korma,41.3,31.1,13460IU,1.0,73.0,373.0,1,B
Indian Chicken Curry II,172.0,313,38.0,3.8,27.0,4.0,66.0,11.0,1000.0,576.0,19.1,4.27110767364502,46822/indian-chicken-curry-ii/,indian,10.0,268.0,7.0,0.0,Indian Chicken Curry II,14.0,21.7,555IU,1.0,15.0,91.0,1,B
Red Lentil Curry,44.0,192,0.0,11.3,227.0,6.0,61.0,4.0,1000.0,727.0,12.1,4.49018049240112,16641/red-lentil-curry/,indian,0.0,572.0,7.0,0.0,Red Lentil Curry,32.5,2.6,377IU,0.0,9.0,63.0,-2,A
Chicken Makhani (Indian Butter Chicken),135.0,408,107.0,2.2,24.0,3.0,49.0,9.0,1000.0,625.0,23.4,4.50118970870972,45957/chicken-makhani-indian-butter-chicken/,indian,11.0,523.0,5.0,0.0,Chicken Makhani (Indian Butter Chicken),15.6,27.8,1194IU,0.0,12.0,153.0,1,B
Easy Indian Butter Chicken,134.0,880,303.0,2.6,26.0,2.0,50.0,12.0,1000.0,567.0,26.4,4.70970773696899,141169/easy-indian-butter-chicken/,indian,48.0,1461.0,5.0,0.0,Easy Indian Butter Chicken,12.8,82.3,3092IU,0.0,11.0,66.0,14,D
Spicy Vegan Potato Curry,107.0,407,0.0,10.1,94.0,7.0,98.0,4.0,1000.0,1090.0,10.1,4.4964103698730495,165190/spicy-vegan-potato-curry/,indian,13.0,1176.0,6.0,0.0,Spicy Vegan Potato Curry,50.6,20.1,1069IU,1.0,44.0,318.0,0,B
Indian Chicken Curry (Murgh Kari),143.0,427,95.0,2.9,29.0,3.0,64.0,23.0,1000.0,699.0,38.1,4.74545431137085,212721/indian-chicken-curry-murgh-kari/,indian,5.0,1370.0,5.0,0.0,Indian Chicken Curry (Murgh Kari),14.7,24.3,748IU,1.0,12.0,94.0,1,B
Chickpea Curry,51.0,135,0.0,4.6,56.0,2.0,28.0,1.0,641.0,217.0,4.1,4.2378716468811,34689/chickpea-curry/,indian,1.0,289.0,1.0,0.0,Chickpea Curry,20.5,4.5,506IU,0.0,7.0,131.0,-1,A
Slow Cooker Butter Chicken,134.0,480,103.0,4.0,33.0,6.0,79.0,12.0,1000.0,824.0,30.6,4.48566627502441,174543/slow-cooker-butter-chicken/,indian,19.0,442.0,8.0,0.0,Slow Cooker Butter Chicken,17.2,33.3,647IU,0.0,11.0,82.0,2,B
Baingan Bharta (Eggplant Curry),93.0,146,2.0,6.2,50.0,1.0,38.0,2.0,410.0,559.0,4.0,4.32051277160645,47564/baingan-bharta-eggplant-curry/,indian,1.0,739.0,8.0,0.0,Baingan Bharta (Eggplant Curry),15.2,8.0,596IU,0.0,12.0,150.0,0,B
Original Homemade Italian Beef,130.0,557,103.0,2.2,59.0,6.0,31.0,10.0,904.0,310.0,31.9,4.64715719223022,91597/original-homemade-italian-beef/,italian,11.0,4233.0,7.0,0.0,Original Homemade Italian Beef,38.4,28.8,315IU,0.0,1.0,56.0,12,D
Shrimp Scampi with Pasta,52.0,511,135.0,3.5,144.0,5.0,62.0,8.0,2000.0,268.0,21.9,4.5580358505249015,229960/shrimp-scampi-with-pasta/,italian,7.0,260.0,1.0,0.0,Shrimp Scampi with Pasta,57.5,19.4,849IU,0.0,10.0,53.0,0,B
Hearty Meatball Sandwich,196.0,491,75.0,3.0,30.0,5.0,39.0,12.0,197.0,441.0,29.3,4.50761413574219,59030/hearty-meatball-sandwich/,italian,8.0,1068.0,5.0,0.0,Hearty Meatball Sandwich,43.1,21.4,145IU,0.0,1.0,14.0,2,B
Pork Chops Italiano,57.0,290,63.0,2.0,24.0,2.0,40.0,11.0,948.0,691.0,25.3,4.55688619613647,219005/pork-chops-italiano/,italian,5.0,339.0,4.0,1.0,Pork Chops Italiano,7.8,17.6,217IU,1.0,32.0,121.0,-2,A
Kay's Spaghetti and Lasagna Sauce,93.0,206,34.0,3.8,31.0,4.0,46.0,6.0,985.0,728.0,13.2,4.36906385421753,23602/kays-spaghetti-and-lasagna-sauce/,italian,3.0,379.0,9.0,0.0,Kay's Spaghetti and Lasagna Sauce,22.0,8.4,1034IU,0.0,41.0,263.0,-6,A
Tagliatelle with Coriander Pesto,92.0,663,11.0,3.9,189.0,4.0,76.0,7.0,25.0,319.0,16.5,4.0,217292/tagliatelle-with-coriander-pesto/,italian,7.0,190.0,4.0,0.0,Tagliatelle with Coriander Pesto,64.8,39.4,1001IU,0.0,5.0,0.0,1,B
Tilapia Scaloppine,63.0,262,57.0,1.6,10.0,1.0,42.0,5.0,284.0,564.0,24.2,4.5,84737/tilapia-scaloppine/,italian,5.0,222.0,0.0,0.0,Tilapia Scaloppine,5.0,14.2,294IU,0.0,24.0,40.0,-1,A
Prune and Olive Chicken,49.0,402,97.0,1.2,11.0,3.0,37.0,10.0,260.0,386.0,31.2,4.65671634674072,8900/prune-and-olive-chicken/,italian,6.0,308.0,13.0,0.0,Prune and Olive Chicken,16.5,22.4,405IU,1.0,2.0,12.0,0,B
World's Best Lasagna,442.0,448,82.0,4.0,80.0,4.0,67.0,10.0,28000.0,876.0,29.7,4.7902708053588885,23600/worlds-best-lasagna/,italian,10.0,1788.0,9.0,0.0,World's Best Lasagna,36.5,21.3,1454IU,0.0,17.0,150.0,3,C
Chicken Marsala,25.0,448,99.0,0.5,23.0,2.0,40.0,20.0,7000.0,411.0,28.8,4.53676462173462,8887/chicken-marsala/,italian,10.0,543.0,3.0,0.0,Chicken Marsala,13.3,26.6,393IU,1.0,2.0,20.0,1,B
"Bow Ties with Sausage, Tomatoes and Cream",91.0,656,111.0,3.4,121.0,3.0,43.0,7.0,5000.0,350.0,20.1,4.68556547164917,26257/bow-ties-with-sausage-tomatoes-and-cream/,italian,20.0,1088.0,7.0,0.0,"Bow Ties with Sausage, Tomatoes and Cream",50.9,42.1,1693IU,0.0,17.0,116.0,7,C
Eggplant Parmesan II,512.0,487,73.0,8.8,50.0,4.0,63.0,10.0,4000.0,815.0,24.2,4.4523191452026385,25321/eggplant-parmesan-ii/,italian,7.0,1663.0,20.0,0.0,Eggplant Parmesan II,62.1,16.0,1089IU,0.0,5.0,56.0,3,C
Italian Spaghetti Sauce with Meatballs,140.0,349,77.0,4.5,46.0,6.0,59.0,9.0,4000.0,1023.0,18.9,4.52364158630371,21353/italian-spaghetti-sauce-with-meatballs/,italian,6.0,1492.0,12.0,0.0,Italian Spaghetti Sauce with Meatballs,23.7,21.2,825IU,1.0,33.0,363.0,-1,A
Garlic Cheddar Chicken,280.0,400,129.0,0.5,20.0,2.0,37.0,18.0,4000.0,265.0,34.5,4.609501361846919,70522/garlic-cheddar-chicken/,italian,15.0,488.0,1.0,0.0,Garlic Cheddar Chicken,8.4,24.9,657IU,1.0,1.0,0.0,1,B
Gourmet Mushroom Risotto,70.0,431,29.0,2.7,37.0,2.0,24.0,8.0,4000.0,692.0,11.3,4.79166650772095,85389/gourmet-mushroom-risotto/,italian,7.0,1131.0,4.0,0.0,Gourmet Mushroom Risotto,56.6,16.6,520IU,0.0,4.0,187.0,3,C
Chicken Parmesan,380.0,471,187.0,0.6,31.0,2.0,44.0,19.0,7000.0,389.0,42.1,4.81838321685791,223042/chicken-parmesan/,italian,9.0,840.0,2.0,0.0,Chicken Parmesan,24.8,24.9,628IU,1.0,3.0,0.0,-1,A
American Lasagna,759.0,664,168.0,4.2,108.0,6.0,78.0,15.0,2000.0,872.0,50.9,4.68004608154297,11729/american-lasagna/,italian,15.0,1900.0,14.0,0.0,American Lasagna,48.3,29.5,1758IU,0.0,23.0,156.0,2,B
Chicken Milano,76.0,641,156.0,2.8,124.0,3.0,77.0,22.0,3000.0,681.0,36.3,4.62059497833252,19304/chicken-milano/,italian,17.0,501.0,5.0,0.0,Chicken Milano,47.0,34.8,1116IU,1.0,5.0,7.0,2,B
Slow Cooker Italian Beef for Sandwiches,17.0,318,100.0,0.2,15.0,3.0,35.0,12.0,2000.0,530.0,39.4,4.629480361938481,16427/slow-cooker-italian-beef-for-sandwiches/,italian,6.0,819.0,1.0,0.0,Slow Cooker Italian Beef for Sandwiches,1.6,15.8,30IU,0.0,0.0,25.0,-2,A
Balsamic Roasted Pork Loin,32.0,299,55.0,0.1,4.0,1.0,19.0,8.0,3000.0,301.0,18.3,4.58597087860107,132815/balsamic-roasted-pork-loin/,italian,5.0,732.0,2.0,1.0,Balsamic Roasted Pork Loin,3.1,23.4,6IU,0.0,1.0,0.0,2,B
Lebanese Chicken Shawarma,152.0,365,133.0,0.7,16.0,2.0,60.0,31.0,20.0,618.0,51.0,4.7142858505249015,257328/lebanese-chicken-shawarma/,lebanese,3.0,480.0,5.0,0.0,Lebanese Chicken Shawarma,7.9,13.4,214IU,1.0,9.0,4.0,-4,A
Lebanese Chicken and Potatoes,51.0,592,65.0,6.5,55.0,3.0,86.0,11.0,281.0,1436.0,26.7,4.14338254928589,89833/lebanese-chicken-and-potatoes/,lebanese,6.0,81.0,3.0,0.0,Lebanese Chicken and Potatoes,53.9,30.5,86IU,1.0,75.0,0.0,-2,A
Fattoush,87.0,482,0.0,3.8,119.0,2.0,41.0,4.0,20.0,516.0,6.2,4.3600001335144,86283/fattoush/,lebanese,5.0,394.0,5.0,0.0,Fattoush,35.4,36.5,2781IU,0.0,55.0,324.0,-2,A
Middle Eastern Kibbeh,22.0,159,38.0,1.7,14.0,1.0,24.0,3.0,63.0,193.0,10.9,4.59090900421143,143265/middle-eastern-kibbeh/,lebanese,3.0,228.0,1.0,0.0,Middle Eastern Kibbeh,7.4,9.6,31IU,0.0,2.0,12.0,0,B
Lebanese Donair,236.0,990,128.0,6.8,145.0,10.0,118.0,25.0,40.0,1404.0,57.5,4.349999904632569,88233/lebanese-donair/,lebanese,14.0,471.0,6.0,1.0,Lebanese Donair,47.6,64.7,1837IU,1.0,45.0,81.0,-1,A
Mellas Family Lamb Stuffed Zucchini (Koosa),129.0,511,76.0,5.0,86.0,5.0,79.0,12.0,14.0,1185.0,26.2,4.25,207936/mellas-family-lamb-stuffed-zucchini-koosa/,lebanese,8.0,1593.0,9.0,0.0,Mellas Family Lamb Stuffed Zucchini (Koosa),44.8,26.6,762IU,1.0,49.0,326.0,-2,A
Mediterranean Meat Pies (Sfeeha),14.0,412,34.0,1.2,52.0,3.0,29.0,6.0,41.0,174.0,12.7,4.58620691299438,216879/mediterranean-meat-pies-sfeeha/,lebanese,8.0,162.0,1.0,0.0,Mediterranean Meat Pies (Sfeeha),26.4,28.7,15IU,0.0,3.0,12.0,2,B
Lamb Shawarma,60.0,376,115.0,0.4,31.0,3.0,34.0,8.0,83.0,380.0,29.0,4.625,214029/lamb-shawarma/,lebanese,11.0,966.0,2.0,0.0,Lamb Shawarma,3.0,26.8,106IU,0.0,3.0,10.0,2,B
Kafta (BBQ),21.0,227,74.0,0.5,18.0,2.0,23.0,8.0,173.0,327.0,22.0,4.41780805587769,64519/kafta/,lebanese,5.0,459.0,1.0,0.0,Kafta (BBQ),2.3,13.9,453IU,0.0,8.0,17.0,0,B
Tabbouleh III,38.0,244,0.0,4.6,37.0,1.0,46.0,2.0,226.0,338.0,3.3,4.42009115219116,14438/tabbouleh-iii/,lebanese,3.0,593.0,2.0,0.0,Tabbouleh III,19.0,18.5,1127IU,0.0,26.0,145.0,1,B
Lentil and Green Collard Soup,170.0,307,0.0,10.5,126.0,4.0,22.0,1.0,175.0,660.0,15.2,4.44767427444458,137450/lentil-and-green-collard-soup/,lebanese,1.0,1779.0,3.0,0.0,Lentil and Green Collard Soup,38.6,11.8,4694IU,0.0,38.0,54.0,1,B
Thick-Style Lebanese Garlic Sauce,4.0,123,0.0,0.1,1.0,2.0,3.0,0.0,160.0,13.0,0.1,4.12380933761597,150654/thick-style-lebanese-garlic-sauce/,lebanese,2.0,165.0,0.0,0.0,Thick-Style Lebanese Garlic Sauce,0.9,13.6,1IU,0.0,2.0,1.0,1,B
Lebanese Lemon Salad Dressing,5.0,176,0.0,0.2,3.0,0.0,2.0,0.0,145.0,33.0,0.2,4.47474765777588,164512/lebanese-lemon-salad-dressing/,lebanese,3.0,321.0,1.0,0.0,Lebanese Lemon Salad Dressing,2.4,18.7,5IU,0.0,10.0,0.0,2,B
Cilantro and Garlic Potatoes,34.0,250,0.0,4.4,37.0,2.0,46.0,3.0,66.0,847.0,4.1,4.15942049026489,83246/cilantro-and-garlic-potatoes/,lebanese,2.0,17.0,2.0,0.0,Cilantro and Garlic Potatoes,33.4,11.8,782IU,1.0,41.0,70.0,0,B
Chicken Shawarma,168.0,402,58.0,4.0,108.0,4.0,60.0,13.0,69.0,554.0,23.3,3.85294127464294,52407/chicken-shawarma/,lebanese,3.0,420.0,5.0,1.0,Chicken Shawarma,44.0,15.2,755IU,0.0,14.0,90.0,-1,A
Best Hummus,11.0,27,0.0,0.6,9.0,0.0,5.0,0.0,104.0,29.0,0.7,4.4629631042480495,231081/best-hummus/,lebanese,0.0,28.0,0.0,0.0,Best Hummus,2.5,1.7,94IU,0.0,2.0,59.0,0,B
Traditional Hummus,152.0,560,0.0,5.9,76.0,4.0,49.0,4.0,72.0,248.0,8.6,4.47727251052856,223276/traditional-hummus/,lebanese,7.0,244.0,0.0,0.0,Traditional Hummus,22.5,50.5,37IU,0.0,3.0,143.0,0,B
Lebanese Garlic Sauce,13.0,191,0.0,0.2,1.0,0.0,2.0,0.0,45.0,38.0,0.5,3.92105269432068,64229/lebanese-garlic-sauce/,lebanese,3.0,74.0,0.0,0.0,Lebanese Garlic Sauce,3.0,20.3,2IU,0.0,6.0,1.0,1,B
"Chard Lentil Soup, Lebanese-Style",59.0,361,0.0,11.8,151.0,4.0,91.0,5.0,40.0,1124.0,10.5,4.59459447860718,234775/chard-lentil-soup-lebanese-style/,lebanese,2.0,931.0,3.0,0.0,"Chard Lentil Soup, Lebanese-Style",50.7,14.0,1120IU,1.0,58.0,90.0,0,B
Basic Crepes,56.0,216,111.0,0.8,71.0,2.0,14.0,3.0,6000.0,115.0,7.4,4.63406562805176,16383/basic-crepes/,french,5.0,235.0,2.0,0.0,Basic Crepes,25.5,9.2,357IU,0.0,0.0,0.0,1,B
Gratin Dauphinois de Solange,493.0,627,180.0,3.3,32.0,1.0,56.0,6.0,13.0,746.0,17.2,4.875,246439/gratin-dauphinois-de-solange/,french,31.0,209.0,1.0,0.0,Gratin Dauphinois de Solange,29.5,49.9,1845IU,1.0,31.0,150.0,7,C
Traditional Layered French Croissants,23.0,213,45.0,0.7,55.0,1.0,7.0,2.0,51.0,60.0,3.2,4.35294103622437,190997/traditional-layered-french-croissants/,french,9.0,140.0,2.0,0.0,Traditional Layered French Croissants,18.8,14.0,456IU,0.0,0.0,0.0,3,C
Cali's Sinful Creme Brulee,111.0,680,419.0,1.2,38.0,1.0,34.0,2.0,102.0,192.0,6.6,4.59154939651489,83905/calis-sinful-creme-brulee/,french,33.0,58.0,37.0,0.0,Cali's Sinful Creme Brulee,42.6,55.8,2049IU,0.0,1.0,0.0,11,D
Beef Bourguignon II,112.0,583,125.0,4.1,57.0,4.0,57.0,10.0,569.0,730.0,32.2,4.44901323318481,16905/beef-bourguignon-ii/,french,15.0,1333.0,7.0,0.0,Beef Bourguignon II,21.9,31.0,5701IU,1.0,13.0,298.0,-2,A
Chef John's Creme Fraiche ,11.0,52,20.0,0.0,1.0,0.0,1.0,0.0,285.0,13.0,0.4,4.847328186035161,222387/chef-johns-creme-fraiche/,french,3.0,7.0,0.0,0.0,Chef John's Creme Fraiche ,0.5,5.5,219IU,0.0,0.0,0.0,0,B
French Onion Soup V,345.0,476,36.0,3.3,141.0,4.0,47.0,11.0,,362.0,21.8,,16386/french-onion-soup-v/,french,9.0,1224.0,6.0,0.0,French Onion Soup V,56.1,15.2,382IU,0.0,6.0,62.0,4,C
Chef John's Coq Au Vin,27.0,337,82.0,0.8,21.0,2.0,35.0,11.0,1000.0,473.0,24.4,4.85039377212524,239230/chef-johns-coq-au-vin/,french,6.0,582.0,2.0,0.0,Chef John's Coq Au Vin,7.9,18.0,380IU,0.0,4.0,50.0,1,B
Chicken Cordon Bleu II,272.0,584,195.0,0.3,17.0,1.0,55.0,23.0,9000.0,473.0,41.6,4.77732038497925,8669/chicken-cordon-bleu-ii/,french,24.0,655.0,1.0,0.0,Chicken Cordon Bleu II,7.7,40.9,1399IU,1.0,12.0,1.0,3,C
Creamy Au Gratin Potatoes,484.0,499,77.0,4.4,78.0,2.0,77.0,7.0,7000.0,1184.0,19.8,4.52618169784546,15925/creamy-au-gratin-potatoes/,french,16.0,683.0,9.0,0.0,Creamy Au Gratin Potatoes,49.3,25.4,939IU,1.0,19.0,165.0,2,B
Chicken Cordon Bleu I,379.0,419,124.0,0.8,25.0,2.0,60.0,25.0,4000.0,457.0,46.1,4.61334943771362,8495/chicken-cordon-bleu-i/,french,10.0,932.0,1.0,0.0,Chicken Cordon Bleu I,12.6,19.4,407IU,1.0,12.0,0.0,-1,A
French Baguettes,7.0,113,17.0,0.8,66.0,1.0,8.0,3.0,2000.0,40.0,3.8,4.76706314086914,7028/french-baguettes/,french,0.0,196.0,1.0,0.0,French Baguettes,22.0,0.9,21IU,0.0,0.0,0.0,0,B
French Onion Soup Gratinee,759.0,618,114.0,4.2,111.0,3.0,61.0,8.0,2000.0,543.0,29.7,4.73166036605835,91192/french-onion-soup-gratinee/,french,21.0,3336.0,11.0,0.0,French Onion Soup Gratinee,39.5,35.9,2758IU,0.0,31.0,175.0,10,C
French Bread,5.0,94,0.0,0.8,60.0,1.0,6.0,2.0,1000.0,41.0,2.9,4.52325582504272,6882/french-bread/,french,0.0,119.0,0.0,0.0,French Bread,19.5,0.3,1IU,0.0,0.0,0.0,0,B
Rich and Simple French Onion Soup,451.0,585,98.0,2.7,71.0,2.0,41.0,7.0,1000.0,432.0,20.9,4.59847211837769,13309/rich-and-simple-french-onion-soup/,french,24.0,1578.0,6.0,0.0,Rich and Simple French Onion Soup,27.9,43.9,1114IU,0.0,9.0,115.0,9,C
Ratatouille,271.0,251,18.0,7.4,71.0,2.0,71.0,6.0,1000.0,1049.0,12.7,4.44780206680298,18411/ratatouille/,french,5.0,327.0,13.0,0.0,Ratatouille,24.3,13.5,1350IU,0.0,56.0,306.0,-5,A
Chocolate Ganache,10.0,142,21.0,1.2,1.0,0.0,1.0,0.0,1000.0,71.0,1.4,4.81209897994995,33647/chocolate-ganache/,french,7.0,6.0,7.0,0.0,Chocolate Ganache,9.4,10.8,220IU,0.0,0.0,0.0,2,B
Crepes,44.0,79,49.0,0.3,26.0,1.0,7.0,1.0,2000.0,74.0,3.7,4.7649221420288095,27188/crepes/,french,1.0,30.0,2.0,0.0,Crepes,9.5,2.8,119IU,0.0,0.0,0.0,0,B
Dessert Crepes,66.0,164,111.0,0.4,43.0,1.0,11.0,2.0,1000.0,115.0,6.4,4.81281805038452,19037/dessert-crepes/,french,3.0,235.0,5.0,0.0,Dessert Crepes,17.2,7.7,348IU,0.0,0.0,0.0,1,B
Glo's Sausage Fried Rice,93.0,540,155.0,4.8,139.0,4.0,46.0,6.0,168.0,476.0,17.3,4.48765420913696,47022/glos-sausage-fried-rice/,japanese,10.0,943.0,5.0,1.0,Glo's Sausage Fried Rice,46.4,31.7,5230IU,0.0,43.0,195.0,1,B
Miso Salmon,98.0,719,132.0,2.8,70.0,3.0,97.0,27.0,81.0,956.0,50.5,4.423728942871089,106227/miso-salmon/,japanese,7.0,2247.0,24.0,1.0,Miso Salmon,34.9,40.5,152IU,2.0,9.0,0.0,4,C
Teriyaki Rib Eye Steaks,19.0,297,60.0,0.2,8.0,2.0,26.0,4.0,97.0,336.0,19.6,4.5180721282959,107586/teriyaki-rib-eye-steaks/,japanese,7.0,992.0,12.0,0.0,Teriyaki Rib Eye Steaks,13.5,18.1,4IU,0.0,1.0,0.0,2,B
Japanese Ginger Pork,15.0,289,55.0,0.1,5.0,1.0,22.0,8.0,40.0,298.0,18.8,4.38888883590698,87392/japanese-ginger-pork/,japanese,5.0,491.0,3.0,1.0,Japanese Ginger Pork,3.6,20.1,6IU,0.0,0.0,1.0,1,B
Chicken Katsu,20.0,297,118.0,0.1,16.0,1.0,27.0,17.0,1000.0,239.0,31.2,4.67230176925659,72068/chicken-katsu/,japanese,2.0,251.0,0.0,0.0,Chicken Katsu,22.2,11.4,79IU,1.0,0.0,0.0,-3,A
Chicken Yakisoba,91.0,503,29.0,7.2,82.0,3.0,64.0,11.0,360.0,579.0,26.5,4.54666662216187,230764/chicken-yakisoba/,japanese,2.0,3868.0,10.0,0.0,Chicken Yakisoba,69.8,16.5,6151IU,1.0,46.0,135.0,6,C
Quick Oyakodon,103.0,619,221.0,5.5,296.0,8.0,77.0,18.0,34.0,574.0,31.0,4.40740728378296,71160/quick-oyakodon/,japanese,2.0,2283.0,19.0,1.0,Quick Oyakodon,106.1,6.7,667IU,1.0,18.0,560.0,-1,A
Tonkatsu - Asian-Style Pork Chop,26.0,276,109.0,0.0,12.0,1.0,26.0,10.0,190.0,424.0,28.4,4.39864873886108,58793/tonkatsu-asian-style-pork-chop/,japanese,4.0,199.0,0.0,1.0,Tonkatsu - Asian-Style Pork Chop,14.3,13.2,67IU,0.0,0.0,0.0,-2,A
Japanese Okonomiyaki,138.0,659,217.0,8.3,293.0,7.0,63.0,14.0,57.0,717.0,29.3,3.86153841018677,99392/japanese-okonomiyaki/,japanese,6.0,1531.0,11.0,1.0,Japanese Okonomiyaki,90.7,19.4,495IU,0.0,83.0,83.0,2,B
Yakisoba Chicken,69.0,295,46.0,3.0,68.0,2.0,80.0,16.0,777.0,565.0,26.3,4.2952184677124,8628/yakisoba-chicken/,japanese,1.0,1621.0,6.0,0.0,Yakisoba Chicken,40.7,4.8,3488IU,1.0,32.0,98.0,1,B
Sesame Seared Tuna,207.0,422,77.0,2.3,22.0,4.0,155.0,26.0,589.0,879.0,44.1,4.6797385215759295,71698/sesame-seared-tuna/,japanese,3.0,1045.0,6.0,1.0,Sesame Seared Tuna,13.2,20.7,92IU,2.0,1.0,0.0,-1,A
Japanese-Style Deep-Fried Shrimp,80.0,630,250.0,1.5,77.0,3.0,47.0,6.0,452.0,287.0,28.3,4.83219194412231,127500/japanese-style-deep-fried-shrimp/,japanese,6.0,763.0,0.0,0.0,Japanese-Style Deep-Fried Shrimp,53.7,36.6,590IU,0.0,2.0,0.0,1,B
Japanese Beef Stir-Fry,91.0,290,39.0,2.6,91.0,4.0,46.0,10.0,391.0,568.0,26.4,4.54883718490601,212636/japanese-beef-stir-fry/,japanese,2.0,1271.0,7.0,0.0,Japanese Beef Stir-Fry,26.4,7.6,3572IU,1.0,67.0,200.0,-1,A
Soba with Toasted Sesame Seed Sauce,247.0,355,0.0,4.5,108.0,5.0,139.0,7.0,188.0,526.0,14.2,4.02551031112671,14024/soba-with-toasted-sesame-seed-sauce/,japanese,2.0,1037.0,6.0,0.0,Soba with Toasted Sesame Seed Sauce,57.3,10.9,618IU,0.0,65.0,70.0,1,B
Sushi Roll,12.0,152,6.0,2.4,62.0,1.0,25.0,2.0,201.0,186.0,3.9,4.40104150772095,24228/sushi-roll/,japanese,1.0,703.0,7.0,0.0,Sushi Roll,25.8,3.9,132IU,0.0,3.0,62.0,2,B
Gyoza,30.0,184,37.0,1.2,37.0,1.0,16.0,4.0,226.0,156.0,7.9,4.43548393249512,27190/gyoza/,japanese,2.0,546.0,1.0,0.0,Gyoza,18.5,8.5,582IU,0.0,7.0,27.0,1,B
Sesame Crusted Mahi Mahi with Soy Shiso Ginger Butter Sauce,189.0,502,192.0,2.6,28.0,4.0,88.0,18.0,133.0,930.0,35.6,4.72222232818604,42231/sesame-crusted-mahi-mahi-with-soy-shiso-ginger-butter-sauce/,japanese,16.0,776.0,1.0,0.0,Sesame Crusted Mahi Mahi with Soy Shiso Ginger Butter Sauce,11.0,34.6,1401IU,1.0,16.0,63.0,2,B
Oyako Donburi,64.0,278,282.0,1.7,58.0,2.0,51.0,17.0,145.0,524.0,29.6,4.67479658126831,43628/oyako-donburi/,japanese,3.0,1349.0,9.0,0.0,Oyako Donburi,15.7,10.8,3000IU,1.0,6.0,60.0,1,B
Oyakodon (Japanese Chicken and Egg Rice Bowl),80.0,688,208.0,2.2,57.0,3.0,46.0,11.0,199.0,510.0,35.3,4.53508758544922,128589/oyakodon-japanese-chicken-and-egg-rice-bowl/,japanese,4.0,1226.0,17.0,0.0,Oyakodon (Japanese Chicken and Egg Rice Bowl),97.9,14.6,311IU,0.0,4.0,25.0,2,B
Ashley's Chicken Katsu with Tonkatsu Sauce,127.0,718,136.0,1.6,92.0,7.0,53.0,17.0,127.0,947.0,30.2,4.23893785476685,75981/ashleys-chicken-katsu-with-tonkatsu-sauce/,japanese,7.0,2290.0,15.0,0.0,Ashley's Chicken Katsu with Tonkatsu Sauce,73.1,36.8,594IU,0.0,15.0,50.0,6,C
Sweet and Nutty Moroccan Couscous,70.0,442,25.0,6.4,18.0,2.0,63.0,5.0,,377.0,10.5,,81551/sweet-and-nutty-moroccan-couscous/,north-african,6.0,164.0,17.0,0.0,Sweet and Nutty Moroccan Couscous,68.2,14.8,894IU,0.0,0.0,26.0,1,B
Marrakesh Vegetable Curry,130.0,330,0.0,10.5,189.0,11.0,120.0,4.0,595.0,1084.0,8.0,4.558608055114751,13988/marrakesh-vegetable-curry/,north-african,2.0,874.0,13.0,0.0,Marrakesh Vegetable Curry,39.0,18.0,12444IU,1.0,89.0,273.0,-4,A
Moroccan Lentil Soup,121.0,329,0.0,18.0,255.0,6.0,107.0,4.0,498.0,923.0,18.3,4.37618160247803,12960/moroccan-lentil-soup/,north-african,1.0,317.0,5.0,0.0,Moroccan Lentil Soup,56.5,3.6,2181IU,1.0,16.0,229.0,-7,A
Slow Cooker Chicken Marrakesh,89.0,290,66.0,6.3,47.0,3.0,75.0,20.0,932.0,886.0,30.6,4.18253946304321,218769/slow-cooker-chicken-marrakesh/,north-african,0.0,625.0,7.0,0.0,Slow Cooker Chicken Marrakesh,36.0,2.0,19569IU,1.0,12.0,184.0,-5,A
Moroccan Tagine,146.0,265,20.0,8.1,99.0,4.0,87.0,7.0,407.0,905.0,14.1,4.4250001907348615,69633/moroccan-tagine/,north-african,1.0,878.0,9.0,0.0,Moroccan Tagine,44.7,4.3,20359IU,1.0,46.0,191.0,-3,A
Moroccan Chicken,99.0,286,67.0,6.3,86.0,4.0,84.0,22.0,358.0,1086.0,36.0,4.30320692062378,18182/moroccan-chicken/,north-african,1.0,2128.0,5.0,0.0,Moroccan Chicken,27.9,3.7,5893IU,1.0,24.0,321.0,-4,A
Lamb Tagine,76.0,423,109.0,4.6,48.0,4.0,50.0,14.0,410.0,659.0,35.8,4.66666650772095,105044/lamb-tagine/,north-african,5.0,1129.0,11.0,0.0,Lamb Tagine,23.6,20.5,13396IU,0.0,13.0,83.0,0,B
Make-Ahead Vegetarian Moroccan Stew,196.0,543,5.0,24.0,252.0,7.0,149.0,8.0,360.0,2046.0,19.5,4.54794502258301,217109/make-ahead-vegetarian-moroccan-stew/,north-african,2.0,1218.0,23.0,1.0,Make-Ahead Vegetarian Moroccan Stew,110.6,4.2,26614IU,1.0,80.0,351.0,-8,A
Chicken Tagine,50.0,380,65.0,4.2,29.0,2.0,41.0,10.0,189.0,500.0,22.3,4.21505355834961,180014/chicken-tagine/,north-african,4.0,571.0,14.0,0.0,Chicken Tagine,38.5,15.2,6494IU,0.0,8.0,139.0,-1,A
Chakchouka (Shakshouka),60.0,209,164.0,3.1,53.0,2.0,31.0,3.0,546.0,511.0,7.8,4.60540533065796,213717/chakchouka-shakshouka/,north-african,3.0,654.0,7.0,0.0,Chakchouka (Shakshouka),12.9,15.0,1678IU,0.0,65.0,230.0,0,B
Moroccan Chicken and Whole Grain Couscous,91.0,399,67.0,7.8,94.0,4.0,74.0,15.0,139.0,739.0,33.4,4.374149799346919,83565/moroccan-chicken-and-whole-grain-couscous/,north-african,1.0,1539.0,4.0,0.0,Moroccan Chicken and Whole Grain Couscous,50.7,6.7,4054IU,1.0,18.0,198.0,-4,A
Harira,86.0,467,116.0,13.3,222.0,6.0,81.0,11.0,153.0,689.0,29.4,4.5517239570617685,13443/harira/,north-african,6.0,594.0,6.0,0.0,Harira,50.0,16.7,1170IU,1.0,38.0,233.0,-5,A
Moroccan Couscous,53.0,246,0.0,5.2,31.0,2.0,49.0,3.0,136.0,447.0,8.4,4.4963502883911115,105045/moroccan-couscous/,north-african,0.0,263.0,10.0,0.0,Moroccan Couscous,48.1,2.6,208IU,0.0,30.0,123.0,-2,A
Spanish Moroccan Fish,105.0,268,70.0,3.3,48.0,3.0,82.0,9.0,165.0,1078.0,41.7,4.40157461166382,133895/spanish-moroccan-fish/,north-african,1.0,381.0,3.0,0.0,Spanish Moroccan Fish,12.6,5.1,3209IU,1.0,38.0,146.0,-5,A
Fava Bean Breakfast Spread,34.0,101,0.0,3.5,37.0,1.0,32.0,2.0,72.0,316.0,4.6,4.59756088256836,17596/fava-bean-breakfast-spread/,north-african,1.0,322.0,2.0,0.0,Fava Bean Breakfast Spread,13.6,3.7,477IU,0.0,14.0,81.0,1,B
25-Minute Tunisian Vegetable Couscous,84.0,387,,8.8,86.0,3.0,68.0,6.0,72.0,487.0,13.6,4.14666652679443,168959/25-minute-tunisian-vegetable-couscous/,north-african,1.0,699.0,5.0,0.0,25-Minute Tunisian Vegetable Couscous,72.1,4.9,2045IU,1.0,53.0,233.0,-3,A
Cold Roasted Moroccan Spiced Salmon,25.0,225,84.0,0.3,35.0,1.0,46.0,18.0,68.0,755.0,30.2,4.42028999328613,110025/cold-roasted-moroccan-spiced-salmon/,north-african,2.0,261.0,1.0,0.0,Cold Roasted Moroccan Spiced Salmon,2.2,9.8,74IU,1.0,1.0,0.0,-3,A
Moroccan Chickpea Stew,296.0,476,0.0,13.6,130.0,9.0,120.0,7.0,126.0,1832.0,15.7,4.66666650772095,217947/moroccan-chickpea-stew/,north-african,1.0,1263.0,27.0,0.0,Moroccan Chickpea Stew,96.1,6.5,18799IU,1.0,170.0,419.0,-4,A
Algerian Carrots,55.0,157,0.0,4.8,22.0,1.0,17.0,1.0,92.0,370.0,1.3,4.17741918563843,99244/algerian-carrots/,north-african,2.0,476.0,5.0,0.0,Algerian Carrots,13.5,11.6,25786IU,0.0,6.0,175.0,0,B
Bissara,62.0,371,0.0,19.5,219.0,4.0,93.0,6.0,49.0,810.0,18.7,4.20967721939087,104405/bissara/,north-african,2.0,18.0,6.0,1.0,Bissara,46.3,13.5,1317IU,0.0,16.0,113.0,-6,A
Honey Walnut Shrimp,69.0,605,179.0,1.5,19.0,3.0,65.0,5.0,711.0,317.0,26.1,4.51422786712646,93234/honey-walnut-shrimp/,chinese,4.0,340.0,45.0,0.0,Honey Walnut Shrimp,68.0,26.3,247IU,0.0,2.0,0.0,2,B
General Tsao's Chicken II,58.0,634,101.0,0.8,14.0,3.0,26.0,9.0,2000.0,530.0,24.3,4.76080703735352,91499/general-tsaos-chicken-ii/,chinese,6.0,1192.0,18.0,0.0,General Tsao's Chicken II,54.9,36.5,133IU,0.0,8.0,40.0,4,C
Sweet and Sour Pork III,57.0,663,43.0,2.3,31.0,1.0,34.0,6.0,1000.0,516.0,13.9,4.7063493728637695,31144/sweet-and-sour-pork-iii/,chinese,7.0,1085.0,52.0,0.0,Sweet and Sour Pork III,74.7,35.0,485IU,0.0,36.0,280.0,2,B
Moo Goo Gai Pan,72.0,409,86.0,8.3,106.0,5.0,64.0,23.0,108.0,800.0,41.7,4.37634420394897,165846/moo-goo-gai-pan/,chinese,3.0,990.0,9.0,0.0,Moo Goo Gai Pan,30.9,14.3,397IU,1.0,55.0,415.0,-8,A
Crispy Orange Beef,122.0,507,60.0,5.9,197.0,5.0,79.0,11.0,1000.0,983.0,27.4,4.47147130966187,57966/crispy-orange-beef/,chinese,5.0,651.0,17.0,0.0,Crispy Orange Beef,59.2,18.7,1280IU,1.0,189.0,10.0,0,B
Restaurant Style Beef and Broccoli,61.0,331,52.0,3.0,79.0,3.0,45.0,8.0,2000.0,683.0,21.7,4.4371194839477495,191156/restaurant-style-beef-and-broccoli/,chinese,5.0,419.0,3.0,0.0,Restaurant Style Beef and Broccoli,13.3,21.1,707IU,1.0,102.0,140.0,-1,A
Chicken Broccoli Ca - Unieng's Style,111.0,170,33.0,2.5,82.0,2.0,44.0,10.0,266.0,520.0,16.2,4.32456159591675,46819/chicken-broccoli-ca-uniengs-style/,chinese,1.0,418.0,3.0,0.0,Chicken Broccoli Ca - Unieng's Style,9.8,7.9,3422IU,1.0,75.0,76.0,-1,A
Chinese Barbeque Pork (Char Siu),57.0,513,90.0,0.8,14.0,3.0,40.0,10.0,88.0,504.0,26.0,4.72222232818604,258494/chinese-barbeque-pork-char-siu/,chinese,8.0,2421.0,42.0,1.0,Chinese Barbeque Pork (Char Siu),49.1,21.9,165IU,0.0,3.0,0.0,8,C
Szechwan Shrimp,46.0,142,164.0,0.4,9.0,3.0,35.0,3.0,3000.0,230.0,18.3,4.4280891418457005,86230/szechwan-shrimp/,chinese,1.0,500.0,4.0,0.0,Szechwan Shrimp,6.7,4.4,476IU,0.0,5.0,8.0,-1,A
Chinese Chicken Fried Rice II,31.0,255,83.0,1.0,60.0,2.0,26.0,6.0,4000.0,172.0,14.1,4.3933367729187,16954/chinese-chicken-fried-rice-ii/,chinese,3.0,516.0,1.0,0.0,Chinese Chicken Fried Rice II,25.9,10.2,169IU,0.0,2.0,25.0,0,B
Kung Pao Chicken,49.0,437,66.0,4.2,60.0,2.0,93.0,23.0,1000.0,621.0,34.4,4.28421068191528,9027/kung-pao-chicken/,chinese,4.0,596.0,7.0,0.0,Kung Pao Chicken,25.3,23.3,174IU,1.0,6.0,192.0,-4,A
Asian Beef with Snow Peas,34.0,203,39.0,1.5,23.0,3.0,32.0,6.0,1000.0,343.0,16.0,4.30169773101807,15679/asian-beef-with-snow-peas/,chinese,3.0,711.0,6.0,0.0,Asian Beef with Snow Peas,9.7,10.0,66IU,0.0,26.0,58.0,1,B
Sweet and Sour Chicken I,158.0,639,160.0,1.8,86.0,4.0,82.0,40.0,1000.0,742.0,59.2,4.50677967071533,8536/sweet-and-sour-chicken-i/,chinese,3.0,759.0,24.0,0.0,Sweet and Sour Chicken I,56.2,18.4,201IU,1.0,29.0,106.0,-4,A
Mongolian Beef and Spring Onions,130.0,391,27.0,3.3,81.0,4.0,52.0,8.0,1000.0,606.0,18.0,4.6117787361145,201849/mongolian-beef-and-spring-onions/,chinese,3.0,1862.0,39.0,0.0,Mongolian Beef and Spring Onions,54.7,12.1,1122IU,0.0,22.0,60.0,6,C
Chinese Pepper Steak,25.0,312,69.0,1.7,26.0,4.0,45.0,10.0,1000.0,647.0,26.1,4.56942510604858,172704/chinese-pepper-steak/,chinese,3.0,972.0,10.0,0.0,Chinese Pepper Steak,17.0,15.4,490IU,1.0,32.0,119.0,0,B
Grilled Asian Chicken,18.0,217,67.0,0.2,6.0,1.0,31.0,16.0,643.0,255.0,25.7,4.47817850112915,8919/grilled-asian-chicken/,chinese,1.0,961.0,9.0,0.0,Grilled Asian Chicken,10.6,7.6,17IU,1.0,1.0,75.0,-1,A
Black Pepper Beef and Cabbage Stir Fry,52.0,280,48.0,3.1,57.0,2.0,29.0,6.0,832.0,380.0,11.6,4.24334621429443,50233/black-pepper-beef-and-cabbage-stir-fry/,chinese,7.0,547.0,4.0,0.0,Black Pepper Beef and Cabbage Stir Fry,9.5,22.1,1021IU,0.0,72.0,78.0,3,C
"Super-Simple, Super-Spicy Mongolian Beef",29.0,200,25.0,1.2,18.0,2.0,25.0,6.0,498.0,289.0,15.4,4.56839609146118,148831/super-simple-super-spicy-mongolian-beef/,chinese,3.0,996.0,4.0,0.0,"Super-Simple, Super-Spicy Mongolian Beef",7.9,11.9,1061IU,0.0,5.0,54.0,2,B
Slow Cooker Mongolian Beef,94.0,450,47.0,2.2,43.0,3.0,56.0,12.0,507.0,620.0,28.0,3.94177222251892,195083/slow-cooker-mongolian-beef/,chinese,4.0,2391.0,38.0,0.0,Slow Cooker Mongolian Beef,55.4,13.0,190IU,1.0,6.0,110.0,6,C
Ten Minute Szechuan Chicken,31.0,206,68.0,0.6,15.0,2.0,43.0,20.0,472.0,381.0,28.7,4.22107982635498,49014/ten-minute-szechuan-chicken/,chinese,1.0,745.0,2.0,0.0,Ten Minute Szechuan Chicken,10.1,4.9,161IU,1.0,5.0,81.0,-2,A
Brazilian Chicken with Coconut Milk,62.0,345,72.0,2.8,49.0,3.0,52.0,18.0,571.0,624.0,29.3,4.27737236022949,58647/brazilian-chicken-with-coconut-milk/,south-american,7.0,234.0,4.0,0.0,Brazilian Chicken with Coconut Milk,11.5,19.9,2301IU,1.0,38.0,292.0,-6,A
Argentine Meat Empanadas,28.0,498,73.0,1.5,51.0,3.0,22.0,7.0,131.0,213.0,14.7,4.16964292526245,12512/argentine-meat-empanadas/,south-american,10.0,326.0,4.0,0.0,Argentine Meat Empanadas,27.7,36.8,455IU,0.0,2.0,36.0,2,B
"Silpancho from Cochabamba, Bolivia",207.0,928,235.0,9.6,284.0,10.0,125.0,21.0,9.0,1615.0,43.1,4.75,255744/silpancho-from-cochabamba-bolivia/,south-american,6.0,558.0,10.0,1.0,"Silpancho from Cochabamba, Bolivia",133.8,23.7,733IU,1.0,73.0,287.0,-7,A
Brazilian Cheese Rolls (Pao de Queijo),166.0,199,36.0,0.0,5.0,0.0,8.0,1.0,76.0,34.0,5.8,4.5,221430/brazilian-cheese-rolls-pao-de-queijo/,south-american,4.0,386.0,0.0,0.0,Brazilian Cheese Rolls (Pao de Queijo),17.2,12.0,124IU,0.0,0.0,0.0,2,B
Chef John's Chimichurri Sauce,52.0,255,0.0,0.8,27.0,1.0,14.0,0.0,330.0,153.0,1.0,4.82539701461792,236375/chef-johns-chimichurri-sauce/,south-american,4.0,304.0,0.0,0.0,Chef John's Chimichurri Sauce,3.0,27.3,1812IU,0.0,25.0,50.0,2,B
Bolivian Saltenas,48.0,482,108.0,4.0,119.0,4.0,39.0,9.0,43.0,480.0,16.6,4.0303030014038095,216872/bolivian-saltenas/,south-american,10.0,551.0,12.0,0.0,Bolivian Saltenas,59.0,20.3,1347IU,0.0,17.0,113.0,3,C
Peruvian Arroz con Pollo,78.0,739,136.0,3.5,155.0,5.0,77.0,21.0,96.0,723.0,45.7,4.46875,204963/peruvian-arroz-con-pollo/,south-american,7.0,198.0,6.0,1.0,Peruvian Arroz con Pollo,65.2,29.7,3664IU,1.0,39.0,114.0,-3,A
Colombian Stewed Flank,45.0,236,36.0,2.1,23.0,3.0,32.0,6.0,47.0,466.0,15.4,4.3513512611389205,143611/colombian-stewed-flank/,south-american,4.0,770.0,5.0,0.0,Colombian Stewed Flank,9.2,15.6,659IU,0.0,14.0,36.0,1,B
Suspiro Limeno,359.0,401,109.0,0.1,21.0,0.0,34.0,3.0,16.0,461.0,11.6,4.16666650772095,142175/suspiro-limeno/,south-american,7.0,171.0,62.0,0.0,Suspiro Limeno,62.4,11.9,401IU,0.0,3.0,0.0,5,C
Quinoa and Black Beans,41.0,153,0.0,7.8,61.0,2.0,35.0,2.0,7000.0,333.0,7.7,4.64422559738159,49552/quinoa-and-black-beans/,south-american,0.0,517.0,2.0,0.0,Quinoa and Black Beans,27.8,1.7,362IU,0.0,5.0,133.0,-3,A
Mom's Stovetop Pork Ribs,157.0,461,125.0,3.4,85.0,6.0,64.0,14.0,670.0,710.0,33.5,4.55403089523315,75811/moms-stovetop-pork-ribs/,south-american,12.0,1327.0,1.0,0.0,Mom's Stovetop Pork Ribs,10.7,32.0,4031IU,1.0,74.0,25.0,2,B
Brazilian Black Bean Stew,162.0,508,31.0,17.8,134.0,8.0,109.0,9.0,508.0,1476.0,22.8,4.651804447174071,71808/brazilian-black-bean-stew/,south-american,5.0,1538.0,17.0,1.0,Brazilian Black Bean Stew,70.7,15.0,23932IU,1.0,91.0,457.0,-5,A
Brazilian Lemonade,61.0,152,5.0,0.9,4.0,0.0,9.0,0.0,442.0,90.0,1.4,4.71250009536743,54083/brazilian-lemonade/,south-american,1.0,28.0,33.0,0.0,Brazilian Lemonade,36.2,1.3,55IU,0.0,10.0,25.0,2,B
Brazilian White Rice,19.0,201,0.0,0.7,107.0,2.0,13.0,3.0,418.0,61.0,3.4,4.40749979019165,144308/brazilian-white-rice/,south-american,1.0,297.0,0.0,0.0,Brazilian White Rice,37.5,3.7,0IU,0.0,0.0,3.0,1,B
Brazilian Fish Stew,116.0,359,42.0,4.8,41.0,6.0,93.0,7.0,439.0,1079.0,27.4,4.40054512023926,190412/brazilian-fish-stew/,south-american,14.0,600.0,6.0,0.0,Brazilian Fish Stew,15.6,21.8,2394IU,1.0,105.0,250.0,-4,A
Brigadeiro,57.0,70,8.0,0.3,2.0,0.0,9.0,0.0,482.0,85.0,1.7,4.3641791343689,24052/brigadeiro/,south-american,2.0,29.0,11.0,0.0,Brigadeiro,11.1,2.4,70IU,0.0,1.0,0.0,1,B
Brazilian Cheese Bread (Pao de Queijo),131.0,385,71.0,0.0,9.0,1.0,9.0,1.0,557.0,67.0,6.3,4.37599992752075,98554/brazilian-cheese-bread-pao-de-queijo/,south-american,5.0,555.0,1.0,0.0,Brazilian Cheese Bread (Pao de Queijo),39.9,22.6,146IU,0.0,0.0,0.0,3,C
Chimichurri Sauce,23.0,133,0.0,0.5,10.0,1.0,6.0,0.0,317.0,53.0,0.3,4.54460096359253,68003/chimichurri-sauce/,south-american,2.0,201.0,0.0,0.0,Chimichurri Sauce,1.3,14.2,487IU,0.0,7.0,5.0,1,B
Fried Empanadas,14.0,528,33.0,1.1,48.0,2.0,13.0,4.0,230.0,138.0,8.0,4.5144510269165,71805/fried-empanadas/,south-american,7.0,169.0,2.0,0.0,Fried Empanadas,21.4,46.2,324IU,0.0,1.0,15.0,2,B
Quinoa Pudding,31.0,202,0.0,2.7,53.0,2.0,64.0,1.0,200.0,345.0,4.4,3.90532541275024,19587/quinoa-pudding/,south-american,0.0,8.0,9.0,0.0,Quinoa Pudding,42.6,1.9,8IU,0.0,3.0,25.0,1,B
Thai-Style Fragrant Rice,87.0,438,0.0,1.8,24.0,4.0,62.0,1.0,8.0,243.0,7.4,4.07142877578735,143212/thai-style-fragrant-rice/,thai,16.0,164.0,0.0,0.0,Thai-Style Fragrant Rice,62.7,18.2,947IU,0.0,2.0,25.0,4,C
Khao Man Gai Thai Chicken and Rice (Healthy Version),99.0,807,59.0,4.8,45.0,5.0,82.0,14.0,0.0,937.0,37.6,0.0,257375/khao-man-gai-thai-chicken-and-rice-healthy-version/,thai,2.0,3154.0,26.0,0.0,Khao Man Gai Thai Chicken and Rice (Healthy Version),137.6,12.4,1951IU,1.0,340.0,527.0,2,B
Goong Tod Kratiem Prik Thai (Prawns Fried with Garlic and White Pepper),75.0,377,157.0,1.0,21.0,1.0,52.0,8.0,2.0,258.0,20.5,4.5,245888/goong-tod-kratiem-prik-thai-prawns-fried-with-garlic-and-white-pepper/,thai,4.0,1118.0,4.0,0.0,Goong Tod Kratiem Prik Thai (Prawns Fried with Garlic and White Pepper),19.5,24.7,169IU,0.0,3.0,20.0,2,B
Yam Taeng (Spicy Cucumber Salad),141.0,347,8.0,10.2,537.0,7.0,304.0,7.0,2.0,1253.0,22.5,5.0,213923/yam-taeng-spicy-cucumber-salad/,thai,1.0,625.0,4.0,1.0,Yam Taeng (Spicy Cucumber Salad),57.9,4.5,365IU,0.0,28.0,268.0,-8,A
Pad Kee Mow (Drunkard's Noodles),74.0,301,20.0,2.5,41.0,3.0,49.0,6.0,51.0,338.0,11.8,4.48717927932739,220443/pad-kee-mow-drunkards-noodles/,thai,1.0,1204.0,5.0,0.0,Pad Kee Mow (Drunkard's Noodles),44.9,8.3,2347IU,0.0,38.0,141.0,2,B
Thai Sweet Sticky Rice With Mango (Khao Neeo Mamuang),65.0,817,0.0,6.4,213.0,7.0,92.0,6.0,350.0,561.0,8.4,4.520161151885991,150313/thai-sweet-sticky-rice-with-mango-khao-neeo-mamuang/,thai,22.0,458.0,76.0,1.0,Thai Sweet Sticky Rice With Mango (Khao Neeo Mamuang),144.3,26.0,1188IU,0.0,44.0,225.0,9,C
Thai Carrot Salad,32.0,183,0.0,2.7,27.0,1.0,32.0,2.0,17.0,288.0,3.5,4.8000001907348615,239964/thai-carrot-salad/,thai,1.0,332.0,28.0,0.0,Thai Carrot Salad,34.3,5.4,9951IU,0.0,6.0,67.0,3,C
Thai Chicken Satay,41.0,391,66.0,3.0,38.0,3.0,103.0,23.0,72.0,607.0,35.4,4.33333349227905,90294/thai-chicken-satay/,thai,9.0,315.0,0.0,0.0,Thai Chicken Satay,9.3,25.0,81IU,1.0,9.0,2.0,-1,A
Thai Red Curry Paste,60.0,103,2.0,3.9,25.0,2.0,23.0,1.0,7.0,271.0,2.6,4.0,239501/thai-red-curry-paste/,thai,1.0,593.0,5.0,0.0,Thai Red Curry Paste,15.0,4.3,896IU,0.0,12.0,53.0,1,B
Curried Coconut Chicken,67.0,375,78.0,2.8,25.0,5.0,75.0,16.0,5000.0,647.0,32.2,4.49468088150024,68532/curried-coconut-chicken/,thai,14.0,807.0,11.0,0.0,Curried Coconut Chicken,16.7,20.9,287IU,0.0,10.0,90.0,2,B
Peanut Butter Noodles,31.0,330,0.0,1.9,29.0,1.0,43.0,5.0,1000.0,275.0,10.7,4.46724605560303,11835/peanut-butter-noodles/,thai,2.0,1188.0,9.0,0.0,Peanut Butter Noodles,46.8,12.0,63IU,0.0,2.0,27.0,4,C
The Best Thai Coconut Soup,50.0,368,86.0,2.0,28.0,7.0,94.0,5.0,2000.0,451.0,13.2,4.61617088317871,146035/the-best-thai-coconut-soup/,thai,28.0,579.0,2.0,0.0,The Best Thai Coconut Soup,8.9,32.9,199IU,0.0,5.0,186.0,5,C
Pad Thai,62.0,524,178.0,2.9,52.0,2.0,60.0,15.0,1000.0,394.0,26.4,3.93227672576904,42968/pad-thai/,thai,6.0,594.0,8.0,0.0,Pad Thai,58.5,20.7,460IU,1.0,19.0,88.0,0,B
Chicken Satay,24.0,162,68.0,0.7,11.0,1.0,45.0,19.0,575.0,374.0,28.8,4.23602485656738,17511/chicken-satay/,thai,1.0,694.0,2.0,0.0,Chicken Satay,4.1,3.0,44IU,1.0,6.0,3.0,-2,A
Spicy Thai Basil Chicken (Pad Krapow Gai),99.0,715,156.0,1.4,133.0,5.0,92.0,23.0,1000.0,670.0,49.8,4.77797222137451,257938/spicy-thai-basil-chicken-pad-krapow-gai/,thai,7.0,1182.0,6.0,0.0,Spicy Thai Basil Chicken (Pad Krapow Gai),58.6,30.0,1568IU,1.0,31.0,40.0,0,B
Thai Green Curry Chicken,47.0,472,57.0,1.8,33.0,5.0,83.0,8.0,791.0,475.0,27.1,4.52692317962646,141833/thai-green-curry-chicken/,thai,24.0,935.0,7.0,0.0,Thai Green Curry Chicken,14.6,40.9,526IU,0.0,5.0,58.0,6,C
Thai Cucumber Salad,48.0,238,0.0,2.8,46.0,1.0,62.0,4.0,695.0,461.0,5.8,4.626953125,169593/thai-cucumber-salad/,thai,1.0,1751.0,30.0,0.0,Thai Cucumber Salad,37.1,9.4,471IU,0.0,10.0,287.0,2,B
Thai Pineapple Chicken Curry,65.0,623,20.0,3.5,143.0,7.0,112.0,10.0,457.0,546.0,20.3,4.50746250152588,86005/thai-pineapple-chicken-curry/,thai,25.0,781.0,16.0,0.0,Thai Pineapple Chicken Curry,77.5,34.5,374IU,0.0,27.0,275.0,2,B
Thai Red Chicken Curry,29.0,271,59.0,1.9,34.0,1.0,32.0,12.0,618.0,383.0,25.4,3.8322296142578094,85815/thai-red-chicken-curry/,thai,6.0,147.0,4.0,0.0,Thai Red Chicken Curry,11.2,15.8,3653IU,0.0,47.0,211.0,-3,A
Thai Chicken with Basil Stir Fry,81.0,506,78.0,2.2,141.0,5.0,84.0,19.0,829.0,462.0,36.9,4.361445903778081,35892/thai-chicken-with-basil-stir-fry/,thai,7.0,804.0,2.0,0.0,Thai Chicken with Basil Stir Fry,60.0,12.1,855IU,1.0,7.0,152.0,-1,A
Moussaka,351.0,567,123.0,5.4,57.0,3.0,60.0,9.0,787.0,742.0,23.6,4.44483995437622,19644/moussaka/,greek,18.0,1017.0,14.0,0.0,Moussaka,29.1,39.4,920IU,0.0,6.0,137.0,4,C
Pastitsio,173.0,430,180.0,1.9,95.0,4.0,48.0,10.0,25.0,467.0,27.5,4.06666660308838,109841/pastitsio/,greek,11.0,690.0,3.0,0.0,Pastitsio,27.8,23.0,609IU,0.0,3.0,33.0,1,B
Greek Lemon Chicken and Potatoes,93.0,1139,284.0,3.0,52.0,6.0,112.0,36.0,1000.0,1428.0,80.4,4.73760318756104,242352/greek-lemon-chicken-and-potatoes/,greek,17.0,1866.0,2.0,0.0,Greek Lemon Chicken and Potatoes,34.5,74.5,625IU,2.0,26.0,105.0,0,B
Greek Stuffed Tomatoes and Peppers (Yemista),49.0,348,44.0,3.4,89.0,3.0,36.0,6.0,27.0,553.0,13.0,4.33333349227905,233236/greek-stuffed-tomatoes-and-peppers-yemista/,greek,7.0,412.0,5.0,0.0,Greek Stuffed Tomatoes and Peppers (Yemista),28.5,20.6,1394IU,0.0,61.0,135.0,1,B
Mediterranean Puff Pastry Chicken,181.0,515,101.0,2.1,94.0,3.0,50.0,13.0,269.0,438.0,22.4,4.561983585357671,140729/mediterranean-puff-pastry-chicken/,greek,10.0,524.0,3.0,0.0,Mediterranean Puff Pastry Chicken,33.6,32.6,1654IU,0.0,9.0,26.0,2,B
Grecian Pork Tenderloin,91.0,404,65.0,2.2,19.0,3.0,44.0,11.0,408.0,535.0,24.3,4.57456159591675,14951/grecian-pork-tenderloin/,greek,5.0,829.0,1.0,1.0,Grecian Pork Tenderloin,9.1,31.1,343IU,1.0,22.0,0.0,1,B
Greek Style Garlic Chicken Breast,36.0,644,68.0,1.6,7.0,1.0,39.0,19.0,517.0,360.0,27.8,4.47301578521729,54202/greek-style-garlic-chicken-breast/,greek,8.0,660.0,0.0,0.0,Greek Style Garlic Chicken Breast,4.0,57.6,136IU,1.0,23.0,26.0,1,B
Cousin Cosmo's Greek Chicken,131.0,239,85.0,0.8,52.0,2.0,54.0,20.0,505.0,468.0,31.0,4.4342341423034695,28362/cousin-cosmos-greek-chicken/,greek,4.0,686.0,1.0,0.0,Cousin Cosmo's Greek Chicken,4.8,10.2,1856IU,1.0,10.0,27.0,-1,A
Octapodi Kokkinisto (Greek Octopus in Tomato Sauce),109.0,412,73.0,2.4,51.0,10.0,64.0,8.0,24.0,813.0,24.2,4.571428775787349,214011/octapodi-kokkinisto-greek-octopus-in-tomato-sauce/,greek,4.0,502.0,6.0,0.0,Octapodi Kokkinisto (Greek Octopus in Tomato Sauce),14.6,28.8,734IU,1.0,22.0,60.0,0,B
Greek Chicken Pasta,125.0,488,55.0,7.5,169.0,4.0,71.0,17.0,1000.0,526.0,32.6,4.35647535324097,12072/greek-chicken-pasta/,greek,3.0,444.0,5.0,0.0,Greek Chicken Pasta,70.0,11.4,486IU,1.0,56.0,116.0,-4,A
Souvlaki,21.0,189,65.0,1.2,7.0,1.0,34.0,11.0,941.0,467.0,24.2,4.69621515274048,14713/souvlaki/,greek,2.0,354.0,1.0,1.0,Souvlaki,4.3,8.1,86IU,1.0,25.0,45.0,-2,A
Spinach and Feta Pita Bake,149.0,350,13.0,6.9,142.0,4.0,96.0,5.0,1000.0,524.0,11.6,4.75844430923462,93666/spinach-and-feta-pita-bake/,greek,4.0,587.0,3.0,0.0,Spinach and Feta Pita Bake,41.6,17.1,5546IU,0.0,19.0,146.0,0,B
Greek Penne and Chicken,155.0,685,94.0,7.1,25.0,5.0,98.0,26.0,740.0,654.0,47.0,4.32564449310303,11998/greek-penne-and-chicken/,greek,7.0,826.0,6.0,0.0,Greek Penne and Chicken,96.2,13.2,920IU,1.0,24.0,147.0,-3,A
Spanakopita (Greek Spinach Pie),495.0,494,100.0,7.4,391.0,8.0,175.0,7.0,905.0,1304.0,18.2,4.49861097335815,18417/spanakopita-greek-spinach-pie/,greek,11.0,894.0,5.0,0.0,Spanakopita (Greek Spinach Pie),31.5,34.7,12264IU,1.0,62.0,236.0,0,B
Greek Lemon Chicken and Potato Bake,142.0,551,103.0,8.5,73.0,6.0,95.0,16.0,3000.0,1252.0,34.8,4.6415095329284695,242402/greek-lemon-chicken-and-potato-bake/,greek,6.0,1859.0,3.0,0.0,Greek Lemon Chicken and Potato Bake,41.9,29.1,1036IU,1.0,49.0,309.0,-4,A
Chicken Souvlaki Gyro Style,566.0,764,133.0,3.8,144.0,4.0,80.0,23.0,506.0,728.0,44.4,4.68077611923218,72114/chicken-souvlaki-gyro-style/,greek,15.0,3170.0,12.0,1.0,Chicken Souvlaki Gyro Style,55.9,40.5,2270IU,1.0,21.0,270.0,3,C
Greek Pasta with Tomatoes and White Beans,338.0,460,17.0,11.5,228.0,12.0,153.0,7.0,657.0,1362.0,23.4,4.16485500335693,11669/greek-pasta-with-tomatoes-and-white-beans/,greek,3.0,593.0,8.0,0.0,Greek Pasta with Tomatoes and White Beans,79.0,5.9,8321IU,0.0,35.0,409.0,-8,A
Feta Cheese Turkey Burgers,217.0,318,123.0,0.5,22.0,2.0,31.0,9.0,459.0,300.0,25.5,4.56166982650757,14572/feta-cheese-turkey-burgers/,greek,9.0,800.0,2.0,0.0,Feta Cheese Turkey Burgers,3.6,21.9,226IU,1.0,0.0,15.0,2,B
Greek Chicken,38.0,412,97.0,1.4,9.0,2.0,30.0,10.0,516.0,319.0,31.1,4.46218490600586,14527/greek-chicken/,greek,7.0,95.0,0.0,0.0,Greek Chicken,3.5,30.7,145IU,0.0,22.0,25.0,-1,A
Chicken Souvlaki with Tzatziki Sauce,21.0,268,71.0,0.3,7.0,1.0,25.0,15.0,731.0,236.0,25.5,4.72752046585083,231644/chicken-souvlaki-with-tzatziki-sauce/,greek,4.0,295.0,1.0,0.0,Chicken Souvlaki with Tzatziki Sauce,2.6,16.8,47IU,0.0,3.0,31.0,-1,A
Kroppkakor - Swedish Potato Dumplings,33.0,207,24.0,1.2,56.0,2.0,19.0,4.0,9.0,212.0,6.0,3.79999995231628,230576/kroppkakor-swedish-potato-dumplings/,scandinavian,3.0,868.0,1.0,0.0,Kroppkakor - Swedish Potato Dumplings,25.2,8.8,25IU,0.0,2.0,37.0,3,C
Finnish Pulla,25.0,178,34.0,0.9,66.0,2.0,10.0,3.0,261.0,68.0,4.7,4.785340309143071,7010/finnish-pulla/,scandinavian,2.0,99.0,7.0,0.0,Finnish Pulla,30.9,3.8,138IU,0.0,0.0,0.0,1,B
Rosenmunnar,2.0,47,7.0,0.1,7.0,0.0,1.0,0.0,843.0,6.0,0.4,4.57597160339355,9745/rosenmunnar/,scandinavian,2.0,19.0,2.0,0.0,Rosenmunnar,5.6,2.6,79IU,0.0,0.0,0.0,0,B
Rosettes I,12.0,561,13.0,0.1,10.0,0.0,2.0,0.0,196.0,21.0,1.1,4.77894735336304,9809/rosettes-i/,scandinavian,8.0,28.0,5.0,0.0,Rosettes I,8.2,59.2,32IU,0.0,0.0,0.0,4,C
Swedish Nuts II,22.0,298,15.0,2.7,7.0,1.0,35.0,1.0,125.0,125.0,3.1,4.685184955596919,15037/swedish-nuts-ii/,scandinavian,5.0,48.0,14.0,0.0,Swedish Nuts II,16.5,26.2,193IU,0.0,0.0,0.0,2,B
Norwegian Lefse,27.0,368,16.0,5.5,63.0,2.0,59.0,6.0,123.0,918.0,6.9,4.45454549789429,18082/norwegian-lefse/,scandinavian,4.0,523.0,3.0,0.0,Norwegian Lefse,71.2,6.6,197IU,1.0,20.0,305.0,-4,A
Danish Almond Puff,25.0,424,131.0,0.8,67.0,2.0,10.0,3.0,46.0,78.0,5.9,4.60465097427368,64780/danish-almond-puff/,scandinavian,15.0,193.0,18.0,0.0,Danish Almond Puff,42.0,25.9,804IU,0.0,0.0,0.0,6,C
Danish Christmas Red Cabbage,24.0,144,0.0,1.0,9.0,0.0,8.0,0.0,99.0,116.0,0.7,4.5211267471313485,79136/danish-christmas-red-cabbage/,scandinavian,0.0,402.0,35.0,0.0,Danish Christmas Red Cabbage,36.8,0.1,527IU,0.0,27.0,37.0,3,C
Mom's Buttermilk Pancakes,93.0,210,65.0,0.8,67.0,2.0,16.0,3.0,1000.0,156.0,7.1,4.26680660247803,203229/moms-buttermilk-pancakes/,scandinavian,4.0,1027.0,3.0,0.0,Mom's Buttermilk Pancakes,27.2,7.9,256IU,0.0,1.0,0.0,3,C
Swedish Meatballs (Svenska Kottbullar),65.0,309,108.0,0.6,31.0,2.0,21.0,7.0,1000.0,290.0,16.9,4.638532161712651,216564/swedish-meatballs-svenska-kottbullar/,scandinavian,11.0,794.0,3.0,0.0,Swedish Meatballs (Svenska Kottbullar),11.9,21.3,392IU,0.0,1.0,12.0,3,C
Swedish Meatballs I,306.0,662,178.0,0.8,33.0,4.0,59.0,13.0,455.0,712.0,31.2,4.05835008621216,15449/swedish-meatballs-i/,scandinavian,19.0,1193.0,12.0,0.0,Swedish Meatballs I,26.3,47.8,550IU,0.0,4.0,86.0,6,C
Hasselback Potatoes,72.0,247,19.0,5.1,39.0,2.0,55.0,4.0,795.0,965.0,6.1,4.24549531936646,79518/hasselback-potatoes/,scandinavian,4.0,171.0,2.0,0.0,Hasselback Potatoes,41.1,7.1,201IU,1.0,45.0,226.0,-1,A
Chef John's Swedish Meatballs,76.0,479,194.0,0.7,32.0,3.0,32.0,10.0,890.0,429.0,28.2,4.625935077667241,231169/chef-johns-swedish-meatballs/,scandinavian,17.0,1206.0,2.0,0.0,Chef John's Swedish Meatballs,10.1,35.8,648IU,0.0,1.0,12.0,4,C
Torsk,34.0,670,183.0,0.0,10.0,0.0,39.0,8.0,360.0,579.0,29.8,4.36885261535645,12783/torsk/,scandinavian,29.0,2764.0,33.0,0.0,Torsk,33.4,47.1,1462IU,1.0,4.0,0.0,14,D
The Amazing Swedish Meatball,116.0,560,134.0,1.4,43.0,3.0,37.0,11.0,265.0,453.0,24.6,3.45175433158875,53763/the-amazing-swedish-meatball/,scandinavian,16.0,2175.0,3.0,0.0,The Amazing Swedish Meatball,18.6,42.7,496IU,0.0,3.0,16.0,8,C
Easy Swedish Meatball Sauce ,77.0,393,140.0,0.8,23.0,2.0,24.0,4.0,565.0,299.0,15.0,4.23245620727539,218894/easy-swedish-meatball-sauce/,scandinavian,17.0,358.0,1.0,0.0,Easy Swedish Meatball Sauce ,12.2,31.5,1080IU,0.0,5.0,0.0,4,C
Easy Swedish Apple Pie,18.0,359,69.0,2.2,32.0,1.0,8.0,2.0,272.0,126.0,2.8,4.59471368789673,54628/easy-swedish-apple-pie/,scandinavian,11.0,133.0,35.0,0.0,Easy Swedish Apple Pie,49.3,18.0,572IU,0.0,4.0,85.0,5,C
Norwegian Pancakes - Pannekaken,88.0,145,98.0,0.6,53.0,1.0,14.0,3.0,250.0,147.0,7.3,4.58571434020996,83723/norwegian-pancakes-pannekaken/,scandinavian,2.0,157.0,4.0,0.0,Norwegian Pancakes - Pannekaken,19.6,3.9,237IU,0.0,0.0,0.0,0,B
Easy Swedish Pancakes,173.0,252,211.0,0.4,58.0,2.0,23.0,4.0,297.0,268.0,12.0,4.07537698745728,52581/easy-swedish-pancakes/,scandinavian,7.0,161.0,9.0,0.0,Easy Swedish Pancakes,21.1,13.3,652IU,0.0,0.0,0.0,2,B
Beef and Irish Stout Stew,41.0,518,101.0,2.4,33.0,3.0,42.0,11.0,248.0,723.0,29.4,4.33219194412231,70298/beef-and-irish-stout-stew/,uk-and-ireland,13.0,160.0,5.0,0.0,Beef and Irish Stout Stew,14.2,36.1,7281IU,1.0,9.0,88.0,1,B
Irish Bacon And Cabbage Soup,73.0,276,21.0,6.0,58.0,4.0,58.0,6.0,209.0,1096.0,12.3,4.52879571914673,100378/irish-bacon-and-cabbage-soup/,uk-and-ireland,3.0,825.0,5.0,0.0,Irish Bacon And Cabbage Soup,38.4,8.1,1239IU,1.0,55.0,211.0,0,B
Ferg's Ulster Fry-up,89.0,643,227.0,1.9,54.0,5.0,33.0,7.0,20.0,401.0,21.0,4.6999998092651385,100526/fergs-ulster-fry-up/,uk-and-ireland,11.0,957.0,3.0,0.0,Ferg's Ulster Fry-up,32.4,47.7,695IU,0.0,6.0,190.0,2,B
Mushy Peas II,68.0,216,15.0,6.2,97.0,5.0,43.0,3.0,10.0,328.0,7.0,3.46153855323792,52024/mushy-peas-ii/,uk-and-ireland,5.0,397.0,7.0,0.0,Mushy Peas II,19.7,13.0,3076IU,0.0,31.0,140.0,0,B
Beef Wellington,30.0,744,131.0,1.2,65.0,5.0,32.0,11.0,508.0,385.0,26.2,4.5252809524536115,16899/beef-wellington/,uk-and-ireland,21.0,434.0,1.0,0.0,Beef Wellington,29.6,57.2,533IU,0.0,1.0,16.0,4,C
Cawl (Traditional Welsh Broth),76.0,154,12.0,5.0,62.0,2.0,44.0,5.0,16.0,709.0,9.0,4.349999904632569,48770/cawl-traditional-welsh-broth/,uk-and-ireland,1.0,248.0,7.0,0.0,Cawl (Traditional Welsh Broth),23.8,3.1,2404IU,1.0,48.0,164.0,-2,A
Cock a Leekie Soup,55.0,243,126.0,2.1,55.0,3.0,60.0,17.0,63.0,542.0,32.4,4.47457647323608,16360/cock-a-leekie-soup/,uk-and-ireland,2.0,497.0,3.0,0.0,Cock a Leekie Soup,12.4,6.5,1022IU,1.0,8.0,152.0,-4,A
Vegetarian Haggis,24.0,163,19.0,5.4,44.0,2.0,20.0,2.0,34.0,166.0,6.6,4.11111116409302,81466/vegetarian-haggis/,uk-and-ireland,1.0,176.0,2.0,0.0,Vegetarian Haggis,22.5,5.6,984IU,0.0,3.0,84.0,-1,A
English Trifle to Die For,141.0,566,179.0,3.3,37.0,1.0,37.0,2.0,124.0,188.0,6.7,4.742268085479741,18981/english-trifle-to-die-for/,uk-and-ireland,18.0,350.0,32.0,0.0,English Trifle to Die For,63.6,33.2,1219IU,0.0,7.0,30.0,7,C
Amazingly Easy Irish Soda Bread,53.0,172,16.0,0.7,48.0,1.0,8.0,2.0,1000.0,56.0,3.5,4.47723913192749,16947/amazingly-easy-irish-soda-bread/,uk-and-ireland,2.0,269.0,3.0,0.0,Amazingly Easy Irish Soda Bread,22.5,7.5,290IU,0.0,0.0,0.0,1,B
Irish Chicken and Dumplings,162.0,595,58.0,7.8,150.0,6.0,90.0,20.0,1000.0,1376.0,33.9,4.53973245620728,11843/irish-chicken-and-dumplings/,uk-and-ireland,3.0,2402.0,14.0,0.0,Irish Chicken and Dumplings,94.4,9.2,11398IU,1.0,45.0,293.0,-3,A
Irresistible Irish Soda Bread,123.0,192,27.0,0.8,61.0,2.0,12.0,3.0,1000.0,102.0,5.1,4.56606864929199,7095/irresistible-irish-soda-bread/,uk-and-ireland,3.0,497.0,8.0,0.0,Irresistible Irish Soda Bread,31.7,4.9,149IU,0.0,0.0,0.0,2,B
Guinness(R) Corned Beef,19.0,277,61.0,0.0,6.0,2.0,17.0,7.0,1000.0,355.0,16.7,4.413580417633058,46530/guinness-corned-beef/,uk-and-ireland,5.0,1384.0,13.0,0.0,Guinness(R) Corned Beef,13.6,16.9,0IU,0.0,31.0,115.0,4,C
Irish Soda Bread,164.0,511,67.0,3.2,126.0,4.0,35.0,6.0,919.0,389.0,11.3,4.69093418121338,18456/irish-soda-bread/,uk-and-ireland,5.0,543.0,15.0,1.0,Irish Soda Bread,99.5,8.6,274IU,0.0,1.0,60.0,4,C
Diane's Colcannon,59.0,250,26.0,4.6,46.0,1.0,43.0,3.0,843.0,756.0,5.8,4.75664329528809,58642/dianes-colcannon/,uk-and-ireland,6.0,217.0,4.0,0.0,Diane's Colcannon,29.8,12.6,258IU,1.0,45.0,190.0,-1,A
Beef and Guinness(R) Stew,91.0,528,96.0,5.1,42.0,4.0,62.0,11.0,1000.0,1015.0,29.4,4.85007095336914,234534/beef-and-guinness-stew/,uk-and-ireland,10.0,1605.0,9.0,0.0,Beef and Guinness(R) Stew,42.1,24.6,5365IU,1.0,20.0,297.0,-2,A
Braised Corned Beef Brisket,28.0,455,162.0,0.7,17.0,3.0,24.0,8.0,1000.0,307.0,30.6,4.80645179748535,231030/braised-corned-beef-brisket/,uk-and-ireland,11.0,1877.0,2.0,0.0,Braised Corned Beef Brisket,5.4,33.7,1IU,0.0,4.0,25.0,5,C
Scottish Shortbread IV,16.0,256,41.0,0.6,44.0,1.0,6.0,2.0,890.0,42.0,2.6,4.5707068443298295,11341/scottish-shortbread-iv/,uk-and-ireland,10.0,112.0,9.0,0.0,Scottish Shortbread IV,26.9,15.6,473IU,0.0,0.0,0.0,4,C
Irish Lamb Stew,82.0,672,163.0,4.0,58.0,5.0,67.0,21.0,822.0,936.0,46.4,4.59892082214355,16035/irish-lamb-stew/,uk-and-ireland,16.0,1189.0,6.0,0.0,Irish Lamb Stew,26.3,39.3,8245IU,1.0,17.0,122.0,0,B
Sky High Yorkshire Pudding,60.0,160,65.0,0.6,48.0,1.0,11.0,2.0,849.0,106.0,5.6,4.37640428543091,95339/sky-high-yorkshire-pudding/,uk-and-ireland,2.0,40.0,2.0,0.0,Sky High Yorkshire Pudding,17.9,7.2,158IU,0.0,0.0,0.0,0,B
Kolachky,44.0,241,34.0,0.9,30.0,1.0,18.0,1.0,116.0,71.0,3.9,4.571428775787349,26159/kolachky/,eastern-european,8.0,37.0,4.0,0.0,Kolachky,17.8,17.9,369IU,0.0,0.0,0.0,2,B
Serbian Cevapcici,55.0,690,223.0,0.6,24.0,5.0,61.0,23.0,86.0,879.0,62.8,4.5588235855102495,80398/serbian-cevapcici/,eastern-european,18.0,1097.0,0.0,1.0,Serbian Cevapcici,2.1,46.1,350IU,1.0,3.0,1.0,0,B
Slovak Stuffed Cabbage,101.0,556,101.0,6.9,91.0,5.0,60.0,12.0,347.0,876.0,25.9,4.502057552337651,14597/slovak-stuffed-cabbage/,eastern-european,14.0,2096.0,17.0,1.0,Slovak Stuffed Cabbage,31.6,36.5,985IU,1.0,110.0,229.0,4,C
Real Hungarian Goulash (No Tomato Paste Here),38.0,348,111.0,2.6,24.0,5.0,37.0,7.0,128.0,451.0,32.1,4.543859481811519,235135/real-hungarian-goulash-no-tomato-paste-here/,eastern-european,8.0,76.0,4.0,0.0,Real Hungarian Goulash (No Tomato Paste Here),8.9,20.1,1806IU,1.0,8.0,50.0,-2,A
Rice Bread (Pirog),64.0,288,27.0,1.3,93.0,2.0,17.0,4.0,6.0,169.0,6.4,4.66666650772095,6994/rice-bread-pirog/,eastern-european,2.0,94.0,14.0,0.0,Rice Bread (Pirog),47.5,8.0,365IU,0.0,0.0,6.0,1,B
Simple Golabki,133.0,225,50.0,6.6,104.0,4.0,53.0,7.0,43.0,791.0,18.2,4.2962961196899405,221395/simple-golabki/,eastern-european,4.0,1432.0,10.0,0.0,Simple Golabki,18.7,9.6,347IU,1.0,86.0,149.0,1,B
Bosnian Style Cornbread (Razljevak),128.0,245,64.0,0.8,50.0,1.0,17.0,3.0,9.0,150.0,6.6,4.22222232818604,206164/bosnian-style-cornbread-razljevak/,eastern-european,3.0,557.0,3.0,0.0,Bosnian Style Cornbread (Razljevak),22.0,14.6,112IU,0.0,1.0,7.0,2,B
Beef Stroganoff III,33.0,304,83.0,0.9,21.0,2.0,19.0,5.0,4000.0,213.0,16.6,4.5849552154541,25202/beef-stroganoff-iii/,eastern-european,12.0,619.0,1.0,0.0,Beef Stroganoff III,5.7,23.0,488IU,0.0,2.0,71.0,3,C
Hungarian Mushroom Soup,103.0,201,32.0,2.4,41.0,2.0,27.0,6.0,2000.0,542.0,7.5,4.7298302650451705,17897/hungarian-mushroom-soup/,eastern-european,8.0,829.0,6.0,0.0,Hungarian Mushroom Soup,14.8,13.5,1271IU,0.0,11.0,133.0,3,C
Stuffed Cabbage Rolls,33.0,223,66.0,0.9,37.0,2.0,26.0,6.0,2000.0,338.0,12.8,4.3451189994812,26661/stuffed-cabbage-rolls/,eastern-european,5.0,657.0,3.0,0.0,Stuffed Cabbage Rolls,13.3,13.1,1783IU,0.0,25.0,343.0,-4,A
Russian Tea Cakes I,6.0,102,14.0,0.4,16.0,0.0,7.0,1.0,2000.0,24.0,1.3,4.69153070449829,10192/russian-tea-cakes-i/,eastern-european,3.0,37.0,3.0,0.0,Russian Tea Cakes I,8.2,7.3,158IU,0.0,0.0,0.0,1,B
Russian Mushroom and Potato Soup,50.0,167,23.0,2.7,36.0,1.0,30.0,3.0,1000.0,541.0,4.5,4.74760675430298,80773/russian-mushroom-and-potato-soup/,eastern-european,5.0,928.0,3.0,0.0,Russian Mushroom and Potato Soup,21.2,7.7,2490IU,0.0,19.0,181.0,2,B
Kielbasa and Cabbage,108.0,377,63.0,6.0,95.0,2.0,44.0,5.0,1000.0,632.0,17.2,4.52420473098755,14714/kielbasa-and-cabbage/,eastern-european,9.0,952.0,12.0,1.0,Kielbasa and Cabbage,20.2,26.0,253IU,0.0,79.0,51.0,3,C
"Serbian Ground Beef, Veggie, and Potato Bake",70.0,367,72.0,5.0,52.0,3.0,58.0,11.0,669.0,988.0,22.7,4.41717767715454,70589/serbian-ground-beef-veggie-and-potato-bake/,eastern-european,6.0,567.0,4.0,0.0,"Serbian Ground Beef, Veggie, and Potato Bake",27.2,18.1,3408IU,1.0,50.0,228.0,-2,A
Apple Banana Cupcakes,9.0,151,16.0,0.8,23.0,1.0,6.0,1.0,469.0,67.0,1.8,4.6689977645874015,25552/apple-banana-cupcakes/,eastern-european,2.0,158.0,13.0,0.0,Apple Banana Cupcakes,22.3,6.3,33IU,0.0,1.0,29.0,1,B
Lentil Soup,114.0,255,9.0,13.7,206.0,4.0,67.0,4.0,622.0,747.0,13.7,4.59154939651489,16016/lentil-soup/,eastern-european,1.0,1099.0,7.0,0.0,Lentil Soup,33.3,6.0,5621IU,0.0,21.0,190.0,-3,A
Sweet Russian Cabbage Soup,211.0,688,128.0,10.4,159.0,8.0,89.0,16.0,528.0,1427.0,36.9,4.62682914733887,94031/sweet-russian-cabbage-soup/,eastern-european,14.0,2396.0,42.0,0.0,Sweet Russian Cabbage Soup,55.5,35.9,6420IU,1.0,124.0,323.0,2,B
Ukrainian Red Borscht Soup,78.0,257,31.0,4.8,67.0,2.0,43.0,5.0,589.0,837.0,10.1,4.46437358856201,84450/ukrainian-red-borscht-soup/,eastern-european,5.0,626.0,8.0,0.0,Ukrainian Red Borscht Soup,24.4,13.8,3665IU,0.0,39.0,206.0,-1,A
German Rouladen,23.0,264,59.0,1.8,13.0,2.0,29.0,7.0,432.0,405.0,19.1,4.5749998092651385,25194/german-rouladen/,german,8.0,1450.0,4.0,0.0,German Rouladen,7.7,17.4,369IU,0.0,4.0,37.0,4,C
Jaeger Schnitzel,70.0,455,169.0,3.2,154.0,4.0,76.0,23.0,76.0,813.0,38.6,4.23636341094971,85935/jaeger-schnitzel/,german,3.0,828.0,3.0,2.0,Jaeger Schnitzel,53.5,9.1,96IU,1.0,2.0,65.0,-2,A
Crispy Roasted Chicken,31.0,495,129.0,1.2,13.0,3.0,41.0,13.0,194.0,433.0,41.5,4.65909099578857,228363/crispy-roasted-chicken/,german,8.0,446.0,1.0,0.0,Crispy Roasted Chicken,3.1,34.5,1350IU,1.0,2.0,1.0,-2,A
Lengenberg's Boiled Potatoes,7.0,204,0.0,4.3,8.0,0.0,3.0,0.0,34.0,28.0,5.4,4.40000009536743,218445/lengenbergs-boiled-potatoes/,german,0.0,57.0,0.0,0.0,Lengenberg's Boiled Potatoes,46.2,0.3,421IU,0.0,7.0,260.0,-6,A
German Spaetzle Dumplings,47.0,141,73.0,0.7,49.0,1.0,15.0,2.0,847.0,75.0,4.7,4.503300189971919,11793/german-spaetzle-dumplings/,german,3.0,269.0,1.0,0.0,German Spaetzle Dumplings,16.8,6.0,324IU,0.0,2.0,1.0,1,B
Bee Sting Cake (Bienenstich) II,73.0,226,46.0,1.3,47.0,1.0,27.0,2.0,57.0,194.0,4.9,3.73684215545654,8039/bee-sting-cake-bienenstich-ii/,german,7.0,56.0,6.0,0.0,Bee Sting Cake (Bienenstich) II,20.2,14.4,434IU,0.0,0.0,3.0,2,B
Semmelknoedel (Bread Dumplings),169.0,506,113.0,3.9,202.0,5.0,51.0,10.0,101.0,345.0,20.5,4.51282072067261,85194/semmelknoedel-bread-dumplings/,german,6.0,1220.0,8.0,1.0,Semmelknoedel (Bread Dumplings),78.8,12.3,495IU,0.0,4.0,25.0,2,B
Kaiserschmarren,85.0,472,196.0,3.3,85.0,3.0,29.0,5.0,32.0,445.0,11.6,4.5,171660/kaiserschmarren/,german,4.0,109.0,59.0,0.0,Kaiserschmarren,89.9,8.9,425IU,0.0,2.0,30.0,4,C
Juicy Roasted Chicken,28.0,423,97.0,0.2,11.0,2.0,28.0,10.0,5000.0,305.0,30.9,4.707183837890629,83557/juicy-roasted-chicken/,german,7.0,662.0,1.0,0.0,Juicy Roasted Chicken,1.2,32.1,799IU,0.0,0.0,16.0,0,B
German Apple Cake I,7.0,201,16.0,0.9,22.0,1.0,4.0,1.0,2000.0,40.0,1.7,4.57601690292358,7915/german-apple-cake-i/,german,1.0,107.0,19.0,0.0,German Apple Cake I,27.7,9.7,32IU,0.0,1.0,20.0,2,B
Authentic German Potato Salad,16.0,183,10.0,2.2,14.0,1.0,26.0,3.0,1000.0,426.0,5.4,4.618061542510991,83097/authentic-german-potato-salad/,german,1.0,796.0,11.0,0.0,Authentic German Potato Salad,32.2,3.9,86IU,0.0,10.0,141.0,2,B
Hot German Potato Salad III,17.0,205,10.0,2.8,18.0,1.0,32.0,3.0,970.0,518.0,4.3,4.5507726669311515,18085/hot-german-potato-salad-iii/,german,2.0,512.0,4.0,0.0,Hot German Potato Salad III,32.9,6.5,10IU,0.0,11.0,115.0,2,B
Jagerschnitzel,131.0,556,157.0,3.0,53.0,4.0,52.0,13.0,600.0,540.0,32.9,4.57854413986206,60708/jagerschnitzel/,german,12.0,683.0,4.0,1.0,Jagerschnitzel,29.9,33.5,256IU,1.0,2.0,83.0,1,B
German Pancakes II,80.0,235,210.0,0.6,64.0,2.0,15.0,3.0,801.0,153.0,9.9,4.48798084259033,36900/german-pancakes-ii/,german,7.0,190.0,2.0,0.0,German Pancakes II,18.2,13.6,557IU,0.0,0.0,0.0,1,B
Grandma Jeanette's Amazing German Red Cabbage,47.0,148,15.0,2.7,17.0,1.0,17.0,1.0,683.0,266.0,1.4,4.64339160919189,139977/grandma-jeanettes-amazing-german-red-cabbage/,german,4.0,1375.0,19.0,0.0,Grandma Jeanette's Amazing German Red Cabbage,23.6,6.0,1172IU,0.0,51.0,120.0,6,C
German Potato Salad,38.0,328,19.0,5.1,46.0,2.0,55.0,5.0,460.0,992.0,8.0,4.54855632781982,14411/german-potato-salad/,german,4.0,250.0,8.0,0.0,German Potato Salad,46.1,12.8,139IU,1.0,45.0,150.0,-1,A
Slow Cooker Kielbasa and Beer,42.0,383,75.0,1.9,21.0,2.0,27.0,7.0,275.0,472.0,14.7,4.1153845787048295,21380/slow-cooker-kielbasa-and-beer/,german,11.0,1491.0,3.0,0.0,Slow Cooker Kielbasa and Beer,7.8,31.1,13IU,0.0,10.0,0.0,5,C
Octoberfest German Potato Salad,34.0,355,6.0,4.6,35.0,2.0,48.0,3.0,259.0,865.0,4.3,4.47599983215332,14412/octoberfest-german-potato-salad/,german,3.0,768.0,6.0,0.0,Octoberfest German Potato Salad,39.5,20.5,88IU,1.0,40.0,205.0,1,B
Southern Spain-Style Gazpacho,53.0,329,0.0,3.6,55.0,1.0,33.0,3.0,45.0,624.0,3.5,4.39285707473755,206115/southern-spain-style-gazpacho/,spanish,4.0,830.0,7.0,0.0,Southern Spain-Style Gazpacho,18.2,28.3,1971IU,0.0,47.0,71.0,3,C
Tortilla Espanola,92.0,340,279.0,5.2,95.0,4.0,63.0,5.0,77.0,1018.0,14.0,4.4499998092651385,213226/tortilla-espanola/,spanish,4.0,126.0,4.0,0.0,Tortilla Espanola,37.3,15.7,1713IU,1.0,59.0,107.0,-1,A
Authentic Paella Valenciana,85.0,783,82.0,4.5,230.0,7.0,48.0,16.0,59.0,401.0,34.2,4.07499980926514,73337/authentic-paella-valenciana/,spanish,9.0,328.0,2.0,1.0,Authentic Paella Valenciana,87.3,31.3,759IU,1.0,8.0,137.0,-2,A
Chef John's Patatas Bravas,60.0,678,21.0,5.8,41.0,3.0,64.0,4.0,89.0,1039.0,5.6,4.59183692932129,230569/chef-johns-patatas-bravas/,spanish,8.0,3885.0,3.0,0.0,Chef John's Patatas Bravas,43.3,55.3,962IU,1.0,47.0,226.0,11,D
Pontevedra-Style Spanish Chicken,49.0,1042,154.0,1.1,13.0,3.0,43.0,20.0,39.0,460.0,38.4,4.53333330154419,223054/pontevedra-style-spanish-chicken/,spanish,22.0,223.0,0.0,0.0,Pontevedra-Style Spanish Chicken,5.6,97.4,3305IU,1.0,6.0,1.0,4,C
Spanish Style Albondigas in a Sunny Mediterranean Sauce,159.0,615,87.0,3.8,62.0,6.0,63.0,13.0,9.0,874.0,26.4,4.44444465637207,229484/spanish-style-albondigas-in-a-sunny-mediterranean-sauce/,spanish,11.0,760.0,8.0,0.0,Spanish Style Albondigas in a Sunny Mediterranean Sauce,26.4,40.1,1327IU,1.0,30.0,310.0,-4,A
Broiled Spanish Mackerel,27.0,259,50.0,1.3,3.0,1.0,68.0,8.0,41.0,310.0,16.2,4.66666650772095,217274/broiled-spanish-mackerel/,spanish,4.0,56.0,0.0,0.0,Broiled Spanish Mackerel,3.0,20.9,228IU,0.0,21.0,200.0,-3,A
Papas Alins or Patatas Alinadas (Andalusian Potatoes),33.0,262,0.0,3.8,33.0,2.0,37.0,3.0,2.0,697.0,3.3,4.0,246337/papas-alins-or-patatas-alinadas-andalusian-potatoes/,spanish,1.0,396.0,2.0,0.0,Papas Alins or Patatas Alinadas (Andalusian Potatoes),36.6,9.6,458IU,0.0,34.0,132.0,0,B
Spanish Cod,32.0,170,46.0,1.6,19.0,1.0,41.0,7.0,212.0,659.0,21.3,4.49079751968384,76693/spanish-cod/,spanish,2.0,597.0,2.0,0.0,Spanish Cod,6.5,6.6,1038IU,0.0,17.0,60.0,-1,A
Spanish Flan ,273.0,349,100.0,0.0,18.0,1.0,27.0,2.0,1000.0,353.0,9.5,4.39197540283203,20979/spanish-flan/,spanish,5.0,139.0,57.0,0.0,Spanish Flan ,56.7,9.7,332IU,0.0,2.0,0.0,4,C
Easy Paella,73.0,736,202.0,2.9,141.0,6.0,84.0,28.0,950.0,778.0,55.7,4.61142873764038,84137/easy-paella/,spanish,10.0,1204.0,2.0,1.0,Easy Paella,45.7,35.1,1544IU,1.0,31.0,107.0,0,B
Empanadas,17.0,226,28.0,0.7,29.0,1.0,4.0,1.0,566.0,43.0,1.8,4.5701150894165,10685/empanadas/,spanish,6.0,84.0,18.0,0.0,Empanadas,32.1,10.3,335IU,0.0,2.0,0.0,3,C
Espinacas con Garbanzos (Spinach with Garbanzo Beans),133.0,169,0.0,6.4,166.0,3.0,83.0,2.0,449.0,450.0,7.3,4.43939399719238,161535/espinacas-con-garbanzos-spinach-with-garbanzo-beans/,spanish,1.0,600.0,2.0,0.0,Espinacas con Garbanzos (Spinach with Garbanzo Beans),26.0,4.9,8350IU,1.0,10.0,166.0,-1,A
Gazpacho,30.0,39,0.0,1.6,36.0,1.0,22.0,1.0,341.0,411.0,1.6,4.34387350082397,19770/gazpacho/,spanish,0.0,305.0,6.0,0.0,Gazpacho,9.2,0.2,973IU,0.0,38.0,125.0,0,B
Avocado and Tuna Tapas,33.0,294,27.0,7.4,99.0,2.0,56.0,18.0,556.0,755.0,23.9,4.66964292526245,139620/avocado-and-tuna-tapas/,spanish,3.0,154.0,2.0,0.0,Avocado and Tuna Tapas,11.0,18.2,782IU,1.0,31.0,205.0,-6,A
Spanish Potato Omelet,35.0,252,124.0,1.6,31.0,1.0,18.0,2.0,998.0,293.0,5.4,4.46842098236084,20198/spanish-potato-omelet/,spanish,4.0,54.0,2.0,0.0,Spanish Potato Omelet,10.7,21.5,555IU,0.0,10.0,127.0,0,B
Paella I,64.0,524,106.0,3.3,38.0,7.0,45.0,12.0,240.0,575.0,28.8,4.4712643623352095,12728/paella-i/,spanish,4.0,1162.0,5.0,0.0,Paella I,56.6,18.2,1562IU,1.0,56.0,88.0,1,B
Ethiopian Cabbage Dish,106.0,428,0.0,10.1,104.0,7.0,81.0,5.0,1000.0,1360.0,6.9,4.567307472229,152937/ethiopian-cabbage-dish/,east-african,3.0,428.0,10.0,0.0,Ethiopian Cabbage Dish,54.1,22.2,9747IU,1.0,92.0,300.0,-5,A
Green Banana Fries,34.0,214,0.0,0.0,0.0,0.0,0.0,1.0,66.0,,0.9,4.34375,82495/green-banana-fries/,east-african,2.0,26.0,0.0,0.0,Green Banana Fries,21.1,15.3,217IU,0.0,11.0,105.0,1,B
Gomen Wat,130.0,88,0.0,4.0,134.0,1.0,16.0,1.0,73.0,261.0,2.7,4.37777757644653,185093/gomen-wat/,east-african,1.0,408.0,2.0,0.0,Gomen Wat,10.1,5.0,5286IU,0.0,61.0,132.0,-1,A
Ethiopian Chicken,25.0,157,34.0,1.1,13.0,1.0,30.0,6.0,33.0,206.0,14.2,3.95121955871582,55826/ethiopian-chicken/,east-african,2.0,2440.0,2.0,0.0,Ethiopian Chicken,6.2,8.3,68IU,0.0,2.0,25.0,5,C
Sambusa,17.0,163,24.0,0.5,20.0,1.0,11.0,4.0,43.0,110.0,8.1,4.24324321746826,53603/sambusa/,east-african,2.0,213.0,0.0,0.0,Sambusa,10.8,9.5,67IU,0.0,1.0,37.0,0,B
Ethiopian Vegetable Bowl,91.0,286,0.0,8.6,71.0,3.0,76.0,5.0,26.0,1353.0,6.8,4.32142877578735,188472/ethiopian-vegetable-bowl/,east-african,1.0,608.0,10.0,0.0,Ethiopian Vegetable Bowl,51.7,7.4,6377IU,1.0,65.0,271.0,-5,A
Ethiopian Cabbage and Potato Dish (Atkilt),119.0,336,0.0,9.2,102.0,2.0,40.0,2.0,48.0,653.0,5.8,4.60714292526245,236247/ethiopian-cabbage-and-potato-dish-atkilt/,east-african,3.0,673.0,12.0,0.0,Ethiopian Cabbage and Potato Dish (Atkilt),40.5,18.7,12212IU,0.0,75.0,370.0,-3,A
Injera,7.0,166,0.0,3.8,56.0,1.0,51.0,3.0,32.0,102.0,5.1,3.22222232818604,7070/injera/,east-african,0.0,28.0,1.0,0.0,Injera,32.0,1.8,0IU,0.0,0.0,0.0,-1,A
Mombasa Pumpkin Dessert,32.0,210,0.0,0.9,24.0,1.0,24.0,1.0,29.0,505.0,1.8,4.03999996185303,14007/mombasa-pumpkin-dessert/,east-african,4.0,4.0,35.0,0.0,Mombasa Pumpkin Dessert,43.2,4.9,9778IU,0.0,13.0,375.0,-2,A
Ugandan Kabobs,67.0,382,84.0,1.0,27.0,2.0,24.0,6.0,27.0,239.0,13.6,4.45454549789429,14627/ugandan-kabobs/,east-african,9.0,329.0,2.0,0.0,Ugandan Kabobs,17.4,28.1,208IU,0.0,3.0,57.0,2,B
Ethiopian Spiced Cottage Cheese,304.0,232,32.0,5.5,459.0,7.0,191.0,6.0,9.0,1434.0,21.1,4.19999980926514,213254/ethiopian-spiced-cottage-cheese/,east-african,7.0,676.0,2.0,0.0,Ethiopian Spiced Cottage Cheese,14.4,11.8,21779IU,1.0,93.0,261.0,-5,A
Eba,74.0,290,0.0,1.8,0.0,1.0,2.0,0.0,9.0,743.0,0.9,4.44444465637207,90191/eba/,east-african,0.0,16.0,0.0,0.0,Eba,70.6,0.4,0IU,0.0,0.0,80.0,0,B
African Chicken in Spicy Red Sauce,58.0,257,85.0,3.5,19.0,3.0,52.0,16.0,7.0,659.0,32.1,4.0,236742/african-chicken-in-spicy-red-sauce/,east-african,2.0,887.0,6.0,0.0,African Chicken in Spicy Red Sauce,14.9,6.6,1335IU,1.0,22.0,128.0,-3,A
Somali Spaghetti Sauce,88.0,546,50.0,6.9,82.0,8.0,37.0,11.0,12.0,930.0,25.7,4.75,246489/somali-spaghetti-sauce/,east-african,5.0,818.0,8.0,0.0,Somali Spaghetti Sauce,63.9,20.6,5392IU,0.0,28.0,226.0,-2,A
Key Sir Alicha (Ethiopian Beets and Potatoes),81.0,486,0.0,12.6,205.0,4.0,120.0,7.0,8.0,2047.0,10.2,4.25,246338/key-sir-alicha-ethiopian-beets-and-potatoes/,east-african,1.0,414.0,14.0,0.0,Key Sir Alicha (Ethiopian Beets and Potatoes),82.1,14.6,50IU,1.0,83.0,246.0,-6,A
Berbere Spice Blend,3.0,3,0.0,0.3,1.0,0.0,2.0,0.0,23.0,20.0,0.1,5.0,255863/berbere-spice-blend/,east-african,0.0,1.0,0.0,0.0,Berbere Spice Blend,0.6,0.1,348IU,0.0,1.0,0.0,0,B
Kik Wat (Ethiopian Red Lentil Stew),76.0,432,0.0,22.2,306.0,5.0,91.0,5.0,14.0,807.0,17.2,4.2857141494751,245948/kik-wat-ethiopian-red-lentil-stew/,east-african,1.0,503.0,4.0,0.0,Kik Wat (Ethiopian Red Lentil Stew),48.7,18.3,292IU,1.0,13.0,90.0,-6,A
Berbere (Ethiopian Spice),21.0,25,0.0,2.8,8.0,1.0,14.0,1.0,12.0,160.0,1.1,5.0,236741/berbere-ethiopian-spice/,east-african,0.0,345.0,1.0,0.0,Berbere (Ethiopian Spice),4.6,1.2,2773IU,0.0,5.0,0.0,0,B
Tomato Chutney,12.0,33,0.0,1.6,22.0,1.0,16.0,1.0,9.0,297.0,1.3,3.66666674613953,47440/tomato-chutney/,east-african,0.0,11.0,1.0,0.0,Tomato Chutney,7.4,0.4,826IU,0.0,57.0,185.0,-2,A
The Best Rolled Sugar Cookies,14.0,109,25.0,0.3,21.0,1.0,3.0,1.0,15000.0,17.0,1.5,4.42558288574219,10402/the-best-rolled-sugar-cookies/,canadian,3.0,93.0,7.0,0.0,The Best Rolled Sugar Cookies,14.7,5.0,158IU,0.0,0.0,0.0,1,B
Butternut Squash Soup II,178.0,305,21.0,9.5,111.0,3.0,136.0,6.0,3000.0,1650.0,6.9,4.619606018066411,77981/butternut-squash-soup-ii/,canadian,4.0,1151.0,10.0,0.0,Butternut Squash Soup II,59.7,6.8,35991IU,1.0,89.0,232.0,0,B
Old Fashioned Onion Rings,265.0,641,69.0,3.5,146.0,4.0,40.0,8.0,1000.0,328.0,14.3,4.785064697265629,82659/old-fashioned-onion-rings/,canadian,6.0,1272.0,8.0,1.0,Old Fashioned Onion Rings,68.3,34.6,256IU,0.0,4.0,37.0,5,C
Crispy Orange Beef,122.0,507,60.0,5.9,197.0,5.0,79.0,11.0,1000.0,983.0,27.4,4.47147130966187,57966/crispy-orange-beef/,canadian,5.0,651.0,17.0,0.0,Crispy Orange Beef,59.2,18.7,1280IU,1.0,189.0,10.0,0,B
Boneless Buffalo Wings,131.0,710,136.0,1.7,89.0,4.0,41.0,15.0,1000.0,389.0,28.0,4.80370759963989,151266/boneless-buffalo-wings/,canadian,10.0,2334.0,4.0,0.0,Boneless Buffalo Wings,43.7,46.9,751IU,0.0,15.0,0.0,6,C
Light Oat Bread,9.0,152,0.0,1.3,70.0,2.0,12.0,3.0,961.0,60.0,3.9,4.73380470275879,7025/light-oat-bread/,canadian,0.0,216.0,2.0,0.0,Light Oat Bread,28.6,2.3,78IU,0.0,0.0,0.0,0,B
Asian Salmon,63.0,388,51.0,0.7,116.0,3.0,47.0,14.0,898.0,481.0,27.9,4.55314016342163,54702/asian-salmon/,canadian,2.0,279.0,2.0,0.0,Asian Salmon,39.6,12.0,104IU,1.0,1.0,3.0,-2,A
Home Style Macaroni and Cheese,442.0,641,118.0,2.5,104.0,3.0,46.0,7.0,740.0,291.0,22.6,4.231292724609379,23983/home-style-macaroni-and-cheese/,canadian,25.0,828.0,6.0,0.0,Home Style Macaroni and Cheese,47.0,40.4,1494IU,0.0,2.0,1.0,7,C
Best Ever Meat Loaf,223.0,409,155.0,1.0,40.0,3.0,36.0,11.0,1000.0,435.0,28.4,4.71794891357422,229559/best-ever-meat-loaf/,canadian,10.0,1227.0,14.0,0.0,Best Ever Meat Loaf,22.3,22.7,1948IU,0.0,4.0,21.0,3,C
The Best Steak Marinade,28.0,156,0.0,0.2,4.0,1.0,9.0,1.0,1000.0,188.0,1.2,4.60597038269043,176770/the-best-steak-marinade/,canadian,2.0,1135.0,4.0,0.0,The Best Steak Marinade,7.8,13.5,14IU,0.0,3.0,1.0,3,C
"Soft, Moist and Gooey Cinnamon Buns",28.0,165,29.0,0.3,12.0,0.0,5.0,0.0,1000.0,60.0,1.1,4.76506042480469,7176/soft-moist-and-gooey-cinnamon-buns/,canadian,5.0,143.0,20.0,0.0,"Soft, Moist and Gooey Cinnamon Buns",21.2,8.9,267IU,0.0,0.0,2.0,3,C
Greek Lemon Chicken and Potato Bake,142.0,551,103.0,8.5,73.0,6.0,95.0,16.0,3000.0,1252.0,34.8,4.6415095329284695,242402/greek-lemon-chicken-and-potato-bake/,canadian,6.0,1859.0,3.0,0.0,Greek Lemon Chicken and Potato Bake,41.9,29.1,1036IU,1.0,49.0,309.0,-4,A
Best Hamburger Ever,171.0,445,174.0,1.2,25.0,4.0,38.0,14.0,903.0,517.0,39.0,4.18454265594482,72657/best-hamburger-ever/,canadian,12.0,967.0,2.0,0.0,Best Hamburger Ever,8.8,27.5,291IU,1.0,3.0,21.0,0,B
Three Cheese Manicotti II,837.0,611,96.0,8.2,122.0,4.0,99.0,17.0,499.0,985.0,34.0,4.61553382873535,86446/three-cheese-manicotti-ii/,canadian,12.0,1679.0,24.0,0.0,Three Cheese Manicotti II,64.6,24.1,1729IU,1.0,6.0,1.0,3,C
Oma's Rhubarb Cake,59.0,324,50.0,1.2,51.0,1.0,12.0,2.0,914.0,154.0,4.4,4.77687644958496,161436/omas-rhubarb-cake/,canadian,5.0,253.0,38.0,0.0,Oma's Rhubarb Cake,57.7,9.0,314IU,0.0,3.0,30.0,4,C
Lisa's Favorite Carne Asada Marinade,31.0,207,25.0,1.0,17.0,2.0,25.0,6.0,775.0,309.0,15.0,4.71689510345459,186691/lisas-favorite-carne-asada-marinade/,canadian,3.0,640.0,2.0,0.0,Lisa's Favorite Carne Asada Marinade,5.7,14.0,865IU,0.0,17.0,0.0,1,B
Zucchini Alfredo,115.0,379,72.0,2.8,149.0,3.0,56.0,7.0,398.0,395.0,12.4,4.26851844787598,52934/zucchini-alfredo/,canadian,7.0,517.0,3.0,1.0,Zucchini Alfredo,44.1,17.4,771IU,0.0,7.0,75.0,3,C
Garlic Aioli,5.0,151,8.0,0.1,2.0,0.0,1.0,0.0,593.0,15.0,0.3,4.62034749984741,213608/garlic-aioli/,canadian,2.0,335.0,0.0,0.0,Garlic Aioli,1.5,16.4,59IU,0.0,3.0,0.0,1,B
Christmas Brunch Casserole,301.0,494,217.0,2.9,45.0,3.0,51.0,12.0,480.0,874.0,28.1,4.39393949508667,15047/christmas-brunch-casserole/,canadian,13.0,1518.0,6.0,0.0,Christmas Brunch Casserole,31.9,28.6,663IU,0.0,15.0,193.0,3,C
Dash's Donair,268.0,489,98.0,0.5,18.0,3.0,42.0,10.0,473.0,554.0,26.0,4.63917541503906,71963/dashs-donair/,canadian,10.0,748.0,48.0,0.0,Dash's Donair,49.5,20.9,307IU,0.0,3.0,2.0,4,C
Sorrel Soup,84.0,112,27.0,0.5,7.0,1.0,17.0,0.0,35.0,77.0,1.5,4.25,24405/sorrel-soup/,australian-and-new-zealander,5.0,239.0,2.0,0.0,Sorrel Soup,9.5,7.8,872IU,0.0,3.0,0.0,2,B
Shearers' Mince and Potato Hot Pot,273.0,646,121.0,5.1,58.0,4.0,75.0,11.0,70.0,1163.0,25.0,4.1076922416687,45827/shearers-mince-and-potato-hot-pot/,australian-and-new-zealander,21.0,455.0,7.0,0.0,Shearers' Mince and Potato Hot Pot,42.9,42.0,712IU,1.0,37.0,156.0,3,C
Dad's New Zealand Mince Stew,56.0,474,96.0,2.2,30.0,4.0,47.0,11.0,50.0,658.0,21.9,4.30232572555542,49560/dads-new-zealand-mince-stew/,australian-and-new-zealander,13.0,935.0,17.0,0.0,Dad's New Zealand Mince Stew,25.4,32.4,653IU,0.0,16.0,40.0,4,C
Barbequed Thai Style Chicken,36.0,324,100.0,0.9,23.0,3.0,51.0,14.0,79.0,395.0,32.8,4.48717927932739,25482/barbequed-thai-style-chicken/,australian-and-new-zealander,6.0,641.0,4.0,0.0,Barbequed Thai Style Chicken,5.9,18.3,1035IU,0.0,36.0,80.0,-1,A
Korean Sushi,44.0,492,109.0,2.9,181.0,5.0,58.0,12.0,18.0,485.0,23.1,4.22222232818604,23954/korean-sushi/,australian-and-new-zealander,6.0,409.0,3.0,0.0,Korean Sushi,58.0,17.6,2951IU,0.0,9.0,135.0,0,B
Salt and Pepper Squid,54.0,1294,261.0,2.5,120.0,67.0,135.0,11.0,22.0,400.0,24.2,4.16666650772095,98223/salt-and-pepper-squid/,australian-and-new-zealander,14.0,5403.0,0.0,1.0,Salt and Pepper Squid,110.1,83.3,53IU,0.0,5.0,70.0,19,D
Date Loaf Cake,83.0,204,0.0,1.5,38.0,1.0,11.0,2.0,27.0,130.0,2.2,4.31034469604492,25568/date-loaf-cake/,australian-and-new-zealander,1.0,386.0,26.0,0.0,Date Loaf Cake,40.8,4.0,167IU,0.0,0.0,10.0,3,C
Aussie Lime Pie,163.0,444,150.0,1.7,41.0,1.0,30.0,2.0,56.0,271.0,7.5,4.51923084259033,17346/aussie-lime-pie/,australian-and-new-zealander,12.0,327.0,43.0,0.0,Aussie Lime Pie,60.5,20.3,613IU,0.0,7.0,6.0,6,C
Baked Ziti I,359.0,578,71.0,6.0,114.0,3.0,72.0,15.0,10000.0,721.0,27.9,4.70219373703003,11758/baked-ziti-i/,australian-and-new-zealander,13.0,914.0,14.0,0.0,Baked Ziti I,58.4,25.3,1135IU,0.0,4.0,12.0,3,C
Quinoa and Black Beans,41.0,153,0.0,7.8,61.0,2.0,35.0,2.0,7000.0,333.0,7.7,4.64435052871704,49552/quinoa-and-black-beans/,australian-and-new-zealander,0.0,517.0,2.0,0.0,Quinoa and Black Beans,27.8,1.7,362IU,0.0,5.0,133.0,-3,A
Annie's Fruit Salsa and Cinnamon Chips,113.0,312,0.0,5.7,97.0,3.0,30.0,4.0,3000.0,288.0,6.8,4.77642822265625,26692/annies-fruit-salsa-and-cinnamon-chips/,australian-and-new-zealander,1.0,462.0,16.0,0.0,Annie's Fruit Salsa and Cinnamon Chips,59.0,5.9,56IU,0.0,48.0,105.0,1,B
Braised Balsamic Chicken,35.0,196,61.0,1.2,8.0,2.0,24.0,11.0,6000.0,209.0,23.8,4.37686729431152,8665/braised-balsamic-chicken/,australian-and-new-zealander,1.0,511.0,5.0,0.0,Braised Balsamic Chicken,7.6,7.0,329IU,0.0,10.0,64.0,-1,A
Roasted Brussels Sprouts,42.0,104,0.0,3.0,68.0,1.0,23.0,1.0,6000.0,362.0,2.9,4.581275939941411,67952/roasted-brussels-sprouts/,australian-and-new-zealander,1.0,344.0,5.0,0.0,Roasted Brussels Sprouts,10.0,7.3,817IU,0.0,70.0,115.0,1,B
"Awesome Sausage, Apple and Cranberry Stuffing",47.0,235,80.0,2.1,99.0,3.0,24.0,3.0,3000.0,268.0,12.5,4.76723861694336,13651/awesome-sausage-apple-and-cranberry-stuffing/,australian-and-new-zealander,5.0,548.0,9.0,0.0,"Awesome Sausage, Apple and Cranberry Stuffing",21.7,11.6,7756IU,0.0,9.0,55.0,2,B
Shepherd's Pie VI,128.0,452,65.0,7.3,65.0,4.0,81.0,11.0,3000.0,1443.0,23.1,4.45833349227905,24202/shepherds-pie-vi/,australian-and-new-zealander,7.0,295.0,6.0,0.0,Shepherd's Pie VI,52.5,17.0,8674IU,1.0,53.0,215.0,-3,A
Roasted Garlic Cauliflower,86.0,118,4.0,3.6,81.0,1.0,24.0,2.0,4000.0,444.0,4.7,4.5872092247009295,54675/roasted-garlic-cauliflower/,australian-and-new-zealander,2.0,111.0,3.0,0.0,Roasted Garlic Cauliflower,8.6,8.2,91IU,0.0,67.0,66.0,0,B
Artichoke & Spinach Dip Restaurant Style,138.0,153,28.0,1.4,37.0,1.0,22.0,1.0,3000.0,108.0,6.6,4.663092136383058,33474/artichoke-spinach-dip-restaurant-style/,australian-and-new-zealander,6.0,485.0,1.0,0.0,Artichoke & Spinach Dip Restaurant Style,5.2,12.3,3027IU,0.0,4.0,84.0,2,B
Artichoke Chicken,181.0,548,96.0,3.8,7.0,1.0,29.0,17.0,3000.0,227.0,34.4,4.4180064201355,69538/artichoke-chicken/,australian-and-new-zealander,8.0,1225.0,1.0,0.0,Artichoke Chicken,13.4,39.9,578IU,1.0,14.0,106.0,0,B
Strawberry Spinach Salad I,191.0,491,0.0,6.2,182.0,4.0,124.0,2.0,3000.0,725.0,6.0,4.77267837524414,14276/strawberry-spinach-salad-i/,australian-and-new-zealander,5.0,63.0,34.0,0.0,Strawberry Spinach Salad I,42.9,35.2,6658IU,0.0,110.0,228.0,1,B
